stk_id,rozsah_opravneni,psc,mesto,ulice,provozovatel,tel,mail,orp,okres,kraj,cenastk,cenaevkont,cenaemiseb,cenaemisen,pracovnidoba
312,"OA, ZS",198 00,Praha 14,Skorkovská  1537,"TÜV NORD Czech, s.r.o.","281 915 951, 281 915 952",zizkovsky@tuev-nord.cz; stk-praha@tuev-nord.cz,Praha,Praha,Hlavní město Praha,0,0,0,0,"Po: 7:30-19:30, Út: 7:30-19:30, St: 7:30-19:30, Čt: 7:30-19:30, Pá: 7:30-19:30, So: 8:00-16:00"
3123,"OA, ZS",148 25,Praha 4,Dobronická 1216,STK Kunratice spol. s r.o.,242456194,stkkunratice@gmail.cz,Praha,Praha,Hlavní město Praha,0,0,0,0,"Po: 6:00-15:00, Út: 6:00-14:30, St: 6:00-14:30, Čt: 6:00-14:30, Pá: 6:00-12:00"
3127,OA,184 00,Praha 9,Dopraváků 874/15,TEKOSO-STK spol.s r.o.,273130110,stk3127@seznam.cz,Praha,Praha,Hlavní město Praha,0,0,0,0,"Po: 7:00-17:00, Út: 7:00-17:00, St: 7:00-17:00, Čt: 7:00-17:00, Pá: 7:00-17:00"
3126,OA,149 00,Praha 4,Ohradní 1575,PRONTO STK s.r.o.,607691696,stkpraha@stkpraha.cz,Praha,Praha,Hlavní město Praha,0,0,0,0,"Po: 7:00-17:30, Út: 7:00-17:30, St: 7:00-17:30, Čt: 7:00-17:30"
3128,OA,149 00,Praha 4,Mezi vodami 1097/25,ESPM s.r.o.,725888170,info@stk-modrany.cz,Praha,praha,Hlavní město Praha,0,0,0,0,"Po: 7:30-17:00, Út: 7:30-17:00, St: 7:30-17:00, Čt: 7:30-17:00, Pá: 7:30-17:00"
3201,"NA, TRA, ZS",261 01,Příbram,K Podlesí 539,BOVAS s.r.o.,318628552,stkpbsro@volny.cz,Příbram,Příbram,Středočeský kraj,0,0,0,0,Nákladní auta
3205,"OA, TRA, ZS",257 26,Divišov,Na Pile 300,STK Divišov s.r.o.,317 855 330,stkdivisov@volny.cz,Benešov,Benešov,Středočeský kraj,0,0,0,0,"Po: 7:00-19:00, Út: 7:00-19:00, St: 7:00-19:00, Čt: 7:00-19:00, Pá: 7:00-19:00"
3208,"OA, ZS",261 01,Příbram,Obecnická 323,ASOCOM spol. s r.o.,318635564,bergers@asocom.cz; manager@asocom.cz,Příbram,Příbram,Středočeský kraj,0,0,0,0,"Po: 7:00-18:00, Út: 7:00-18:00, St: 7:00-18:00, Čt: 7:00-18:00, Pá: 7:00-14:00"
3246,OA,273 09,Kladno-Švermov,28. října 1503,Měření 3D spol s r.o.,0,0,Kladno,Kladno,Středočeský kraj,0,0,0,0,0
310,"OA, NA, TRA, ZS, ADR",149 00,Praha 4,Türkova 1001,DEKRA CZ a.s.,"267 913 838, 267 288 245",stk@dekra.cz,Praha,Praha,Hlavní město Praha,1040,390,740,1140,"Po: 7:00-18:00, Út: 7:00-18:00, St: 7:00-18:00, Čt: 7:00-18:00, Pá: 7:00-14:00"
3104,"OA, ZS",150 00,Praha 5,Plzeňská 215b,STK MOTOL S.R.O.,257210963,stk@stkmotol.cz,Praha,Praha,Hlavní město Praha,940,400,690,940,"Po: 7:00-17:00, Út: 7:00-15:00, St: 7:00-17:00, Čt: 7:00-15:00, Pá: 7:30-13:00"
3105,"OA, ZS",100 31,Praha 10,Průběžná 76,"STK Praha, s.r.o.",274774867,stk@aboservis.cz,Praha,Praha,Hlavní město Praha,880,390,550,750,"Po: 7:00-15:30, Út: 7:00-15:30, St: 7:00-18:00, Čt: 7:00-15:30, Pá: 7:00-12:00"
3106,"OA, NA, TRA, ZS, ADR",153 00,Praha 5,Jeremiášova 870,DISKARD STK spol. s r.o.,723904805,info@stk-diskard.cz,Praha,Praha,Hlavní město Praha,1000,400,800,1000,"Po: 7:00-20:00, Út: 7:00-20:00, St: 7:00-20:00, Čt: 7:00-20:00, Pá: 7:00-18:00"
3108,"OA, ZS",169 00,Praha 6,Radimova 39,Břevnovská STK s.r.o.,220513268,brevnovska.stk@seznam.cz,Praha,Praha,Hlavní město Praha,950,390,750,950,"Po: 7:30-18:00, Út: 7:30-18:00, St: 7:30-18:00, Čt: 7:30-18:00, Pá: 7:30-18:00"
3109,"OA, ZS",181 00,Praha 8,Čimická 894/131,"Antonín Indra STK ,spol. s r.o.",233557743,stk-cimice@volny.cz,Praha,Praha,Hlavní město Praha,0,0,0,0,"Po: 8:00-17:00, Út: 8:00-17:00, St: 8:00-17:00, Čt: 8:00-17:00, Pá: 7:00-12:30"
311,"OA, ZS",130 00,Praha 3,Osiková 2688/2,DEKRA CZ a.s.,251002130,stkjarov@dekra.cz,Praha,Praha,Hlavní město Praha,0,0,0,0,"Po: 7:00-16:00, Út: 7:00-16:00, St: 7:00-16:00, Čt: 7:00-16:00, Pá: 7:00-16:00"
3112,"OA, NA, TRA, ZS",109 00,Praha 15,K Měcholupům 3,"AUTO-VESELÝ, s.r.o.",274 877 292,vesely@stkmecholupy.cz,Praha,Praha,Hlavní město Praha,850,390,600,800,"Po: 7:00-16:00, Út: 7:00-16:00, St: 7:00-16:00, Čt: 7:00-16:00, Pá: 7:00-11:00"
3114,"OA, ZS",101 00,Praha 10,Nad Vršovskou horou 88/4,STK Bohdalec s.r.o.,"267 107 485, 267 107 488",info@stk-bohdalec.cz,Praha,Praha,Hlavní město Praha,1050,850,690,1100,"Po: 7:00-18:00, Út: 7:00-18:00, St: 7:00-18:00, Čt: 7:00-18:00, Pá: 7:00-15:00"
3115,"OA, ZS",190 00,Praha 9,Na Výběžku 688/11,"Pro-M, s.r.o.","284 818 928, 284 818 927",stkvysocany.cz@dekra.com,Praha,Praha,Hlavní město Praha,950,500,800,1000,"Po: 7:00-18:00, Út: 7:00-18:00, St: 7:00-18:00, Čt: 7:00-18:00, Pá: 7:00-13:00"
3116,"OA, ZS",182 00,Praha 8,Bešťákova 567/3,"MYNOS STK, s.r.o.",286 580 824,stkstkpraha8@gmail.com,Praha,Praha,Hlavní město Praha,950,400,700,800,"Po: 7:00-17:00, Út: 7:00-17:00, St: 7:00-17:00, Čt: 7:00-17:00, Pá: 7:00-17:00"
3117,OA,190 00,Praha 9,Prosecká 817,DEKRA CZ a.s.,283 881 307,stk-prosek@dekra.cz,Praha,Praha,Hlavní město Praha,1080,440,0,0,"Po: 7:00-17:00, Út: 7:00-17:00, St: 7:00-17:00, Čt: 7:00-17:00, Pá: 7:00-14:00"
3118,"OA, ZS",101 01,Praha 10,Přípotoční 300,Zařízení služeb pro MV,974844447,stk3118@seznam.cz,Praha,Praha,Hlavní město Praha,650,450,590,590,"Po: 7:00-17:30, Út: 7:00-17:30, St: 7:00-17:30, Čt: 7:00-17:30, Pá: 7:00-15:30"
3121,"OA, ZS",170 00,Praha 7,Za elektrárnou 19,STK Holešovice s.r.o.,267052285,stk@stkholesovice.cz,Praha,Praha,Hlavní město Praha,950,400,800,1100,"Po: 7:30-18:00, Út: 7:30-18:00, St: 7:30-18:00, Čt: 7:30-18:00, Pá: 7:30-17:00"
3122,"OA, ZS",163 00,Praha 6,Karlovarská 814,NH group s.r.o.,725392611,stkrepy@stkrepy.cz,Praha,Praha,Hlavní město Praha,950,400,700,900,"Po: 7:30-17:00, Út: 7:30-17:00, St: 7:30-17:00, Čt: 7:30-17:00, Pá: 7:30-17:00"
3202,"OA, NA, TRA, ZS",276 01,Mělník,Mladoboleslavská 2801,STK Mělník Mladoboleslavská s.r.o.,315623328,stkmelnik@stkmelnik.cz;,Mělník,Mělník,Středočeský kraj,870,300,700,850,"Po: 7:00-19:00, Út: 7:00-19:00, St: 7:00-19:00, Čt: 7:00-19:00, Pá: 7:00-16:00"
3203,"OA, ZS",274 01,Slaný,Netovická 350,TERRI s.r.o.,312527670,stk.slany@terri.cz,Slaný,Kladno,Středočeský kraj,850,400,650,750,"Po: 7:00-17:00, Út: 7:00-17:00, St: 7:00-17:00, Čt: 7:00-17:00, Pá: 7:00-15:00"
3206,"OA, TRA, ZS",294 41,Dobrovice,Kosořická 580,STK - PECHA v.o.s.,326398112,pecha-stk@quick.cz,Mladá Boleslav,Mladá Boleslav,Středočeský kraj,900,400,900,900,"Po: 7:00-17:00, Út: 7:00-17:00, St: 7:00-17:00, Čt: 7:00-17:00, Pá: 7:00-14:00"
3207,"OA, ZS",272 04,Kladno,Vašíčkova 71,AUTOŠTOL-STK s r.o.,312 267 113,stk3207@stkkladno.cz,Kladno,Kladno,Středočeský kraj,880,400,700,800,"Po: 6:00-18:00, Út: 6:00-14:00, St: 6:00-16:00, Čt: 6:00-14:00, Pá: 6:00-12:00"
3209,"OA, TRA, ZS",288 02,Nymburk,Maršála Koněva 660/44,"ŠPÁRA, s.r.o.",325 513 653,stk@spara.cz,Nymburk,Nymburk,Středočeský kraj,0,0,0,0,"Po: 7:00-16:00, Út: 7:00-16:00, St: 7:00-16:00, Čt: 7:00-16:00, Pá: 7:00-13:00"
3204,"OA, TRA, ZS",285 04,Uhlířské Janovice,Kolínská 670,"STK Janovice, s.r.o.",327542266,stkjanovice-osobni@seznam.cz,Kutná Hora,Kutná Hora,Středočeský kraj,800,390,720,700,"Po: 7:00-17:00, Út: 7:00-17:00, St: 7:00-17:00, Čt: 7:00-17:00, Pá: 7:00-17:00, So: 8:00-12:00"
3214,"NA, TRA, ZS",272 80,Kladno,Železničářů 885 areál ČSAD,TESTCAR s.r.o.,312680016,kladno@testcar.cz,Kladno,Kladno,Středočeský kraj,0,0,0,0,"Po: 7:00-15:00, Út: 7:00-15:00, St: 7:00-15:00, Čt: 7:00-15:00, Pá: 6:00-14:00"
3216,"OA, NA, TRA, ZS",284 45,Kutná Hora,Hrnčířská 207,UNIKOM - STK s.r.o.,327514515,stk@unikom.cz,Kutná Hora,Kutná Hora,Středočeský kraj,0,0,0,0,"Po: 7:00-17:00, Út: 7:00-17:00, St: 7:00-17:00, Čt: 7:00-17:00, Pá: 7:00-15:00, So: 7:00-12:00"
3217,"NA, TRA, ZS",268 01,Hořovice,Masarykova 1432,STK Hořovice spol. s r.o.,311516727,jcejka@stkhorovice.cz,Hořovice,Beroun,Středočeský kraj,0,0,0,0,"Po: 7:00-16:30, Út: 7:00-16:30, St: 7:00-16:30, Čt: 7:00-16:30, Pá: 7:00-14:30"
322,"NA, TRA, ZS",288 02,Nymburk,Draho u Budiměřic 14,Technický servis STK s.r.o.,325546074,stk.3220@quick.cz,Nymburk,Nymburk,Středočeský kraj,0,0,0,0,"Po: 7:00-15:30, Út: 7:00-15:30, St: 7:00-15:30, Čt: 7:00-15:30, Pá: 7:00-15:30"
3222,"OA, TRA",252 45,Březová-Oleško,Hlavní 9,AUTO PAŘÍZEK  s.r.o.,257760944,autoparizek@seznam.cz,Černošice,Praha-západ,Středočeský kraj,0,0,0,0,"Po: 7:30-17:30, Út: 7:30-16:30, St: 7:30-17:30, Čt: 7:30-16:30, Pá: 7:30-11:30"
3223,"OA, NA, TRA, ZS",256 01,Benešov,Dlouhé Pole,REVIT spol. s r.o.,317 726 351,stkbenesov@seznam.cz,Benešov,Benešov,Středočeský kraj,0,0,0,0,"Po: 7:00-18:00, Út: 7:00-18:00, St: 7:00-18:00, Čt: 7:00-18:00, Pá: 7:00-14:00"
3245,"OA, TRA",276 01,Mělník,Na Malém Spořilově 41/51,BĚLOHRADSKÝ spol. s r.o.,312310720,stk3245@seznam.cz,Mělník,Mělník,Středočeský kraj,0,0,0,0,0
3221,"OA, TRA, ZS",261 01,Příbram I,Drásov 121,AUTO PETRA spol. s r.o.,"318 690 266, 318 690 391",stkdrasov@volny.cz,Příbram,Příbram,Středočeský kraj,890,390,590,740,"Po: 7:00-17:00, Út: 7:00-17:00, St: 7:00-17:00, Čt: 7:00-17:00, Pá: 7:00-12:00, So: 8:00-12:00"
324,"OA, NA, TRA, ZS",289 22,Lysá nad Labem,K Milovicům 1921,STK RAPTOR s.r.o,607206206,info@stklysa.cz,Lysá nad Labem,Nymburk,Středočeský kraj,750,400,600,700,"Po: 7:00-19:00, Út: 7:00-19:00, St: 7:00-19:00, Čt: 7:00-19:00, Pá: 7:00-15:00"
3227,"OA, NA, TRA, ZS",251 01,Říčany,Kolovratská 2020,BĚLOHRADSKÝ spol. s r.o.,323 605 363,stk3227@centrum.cz,Říčany,Praha-východ,Středočeský kraj,790,390,790,790,"Po: 7:00-18:00, Út: 7:00-18:00, St: 7:00-18:00, Čt: 7:00-18:00, Pá: 7:00-18:00"
3228,"OA, ZS",267 01,Králův Dvůr,Pod Hájem 372,A-Z BEROUN s.r.o.,311637777,stk3228@seznam.cz,Beroun,Beroun,Středočeský kraj,850,400,800,900,"Po: 6:45-15:30, Út: 6:45-15:30, St: 6:45-15:30, Čt: 6:45-15:30, Pá: 6:45-15:30"
323,"OA, TRA, ZS",286 01,Čáslav,Vrchovská 1760,ABERA spol. s r.o.,327315555,abera@abera.cz,Čáslav,Kutná Hora,Středočeský kraj,850,320,610,790,"Po: 7:00-17:00, Út: 7:00-15:00, St: 7:00-17:00, Čt: 7:00-15:00, Pá: 7:00-13:00, So: 8:00-12:00"
3231,"OA, TRA, ZS",252 63,Roztoky,Přílepská 1909,Auto Holý s.r.o.,233910035,auto-holy@volny.cz,Černošice,Praha-západ,Středočeský kraj,900,300,700,900,"Po: 7:30-17:00, Út: 7:30-17:00, St: 7:30-17:00, Čt: 7:30-17:00, Pá: 7:30-17:00"
3233,"OA, NA, TRA, ZS",257 65,Čechtice,Loket 52,PRP spol.s r.o.,317866060,stkloket@seznam.cz,Vlašim,Benešov,Středočeský kraj,800,300,550,650,"Po: 7:00-17:00, Út: 7:00-17:00, St: 7:00-17:00, Čt: 7:00-17:00, Pá: 7:00-12:00"
3234,"OA, ZS",293 01,Mladá Boleslav,Havlíčkova 1432/II,STK - PECHA v.o.s.,326737780,STK3234@volny.cz,Mladá Boleslav,Mladá Boleslav,Středočeský kraj,900,450,900,900,"Po: 7:00-17:00, Út: 7:00-17:00, St: 7:00-17:00, Čt: 7:00-17:00, Pá: 7:00-15:00, So: 8:00-13:00"
3235,"OA, NA, TRA, ZS",264 01,Sedlčany,Strojírenská 741,"KASOKO, s.r.o.","318 820 810, 318 820 809",stksedlcany@volny.cz,Sedlčany,Příbram,Středočeský kraj,890,390,540,790,"Po: 7:00-17:00, Út: 7:00-15:00, St: 7:00-17:00, Čt: 7:00-15:00, Pá: 7:00-12:00"
3242,"OA, NA, TRA, ZS",272 03,Kladno - Dubí,Kročehlavská 1025,BĚLOHRADSKÝ spol. s r.o.,312538260,stk3242@seznam.cz,Kladno,Kladno,Středočeský kraj,890,400,850,850,"Po: 7:00-18:00, Út: 7:00-18:00, St: 7:00-18:00, Čt: 7:00-18:00, Pá: 7:00-18:00"
3243,"OA, NA, TRA",252 41,Dolní Břežany,Pražská 830,Automobile Centre STK s.r.o.,722004004,info@stkdb.cz,Černošice,Praha-západ,Středočeský kraj,890,390,790,990,"Po: 7:00-19:00, Út: 7:00-19:00, St: 7:00-19:00, Čt: 7:00-19:00, Pá: 7:00-17:00"
3244,"OA, NA, TRA",293 01,Mladá Boleslav,Jičínská 414,BĚLOHRADSKÝ spol. s r.o.,315624925,stk3244@seznam.cz,Mladá Boleslav,Mladá Boleslav,Středočeský kraj,850,400,850,850,"Po: 7:00-17:00, Út: 7:00-17:00, St: 7:00-17:00, Čt: 7:00-17:00, Pá: 7:00-17:00"
3225,"OA, NA, TRA, ZS",252 62,Horoměřice,Suchdolská 682,"JISTAB, a.s.","220 970 079, 220 970 080",stk@jistab.cz,Černošice,Praha-západ,Středočeský kraj,900,400,700,900,"Po: 6:15-18:00, Út: 6:15-18:00, St: 6:15-18:00, Čt: 6:15-18:00, Pá: 6:15-18:00, So: 8:00-12:00"
3239,"OA, NA, TRA, ZS",271 01,Nové Strašecí,Průmyslová 1208,"AR auto, s.r.o.",724 330 990,info@stknovestraseci.cz; info@arauto.cz,Rakovník,Rakovník,Středočeský kraj,790,300,550,650,"Po: 7:00-16:00, Út: 7:00-16:00, St: 7:00-16:00, Čt: 7:00-16:00, Pá: 7:00-13:00"
3238,"OA, NA, TRA, ZS",281 01,Velim,Palackého 94,"STK Velim, a.s.",321762066,stkvelim@seznam.cz,Kolín,Kolín,Středočeský kraj,740,0,640,0,"Po: 6:30-17:30, Út: 6:30-17:30, St: 6:30-17:30, Čt: 6:30-17:30, Pá: 6:30-14:00, So: 7:30-12:00"
3229,"OA, TRA",288 02,Nymburk,Dopravní 2098,BUILDING S spol. s r.o.,724750750,stk@building.cz,Nymburk,Nymburk,Středočeský kraj,0,0,0,0,0
3224,"OA, ZS",268 01,Hořovice,Masarykova 392,STK JIKE s.r.o.,311513777,stk32_24@seznam.cz,Hořovice,Beroun,Středočeský kraj,0,0,0,0,"Po: 7:00-17:00, Út: 7:00-16:30, St: 7:00-17:00, Čt: 7:00-16:30, Pá: 7:00-12:00"
3219,"OA, NA, TRA, ZS",281 63,Kostelec nad Černými Lesy,nám. Smiřických 16,ČSAD POLKOST spol. s r.o.,"321 679 289, ústř. 679274",stk.osobni@csadpolkost.cz,Říčany,Praha-východ,Středočeský kraj,750,350,550,700,"Po: 6:00-17:00, Út: 6:00-17:00, St: 6:00-17:00, Čt: 6:00-17:00, Pá: 6:00-17:00, So: 7:00-11:30"
3241,"OA, ZS",261 01,Příbram V - Zdaboř,Brodská 633,SeTeKoCAR s.r.o.,605106706,a.huml@ampseteko.cz,Příbram,Příbram,Středočeský kraj,0,0,0,0,"Po: 7:00-17:00, Út: 7:00-17:00, St: 7:00-17:00, Čt: 7:00-17:00, Pá: 7:00-17:00"
3226,"OA, TRA, ZS",250 65,Líbeznice,Mělnická 1060,BĚLOHRADSKÝ spol. s r.o.,233 930 909,stk3226@seznam.cz,Brandýs nad Labem-Stará Boleslav,Praha-východ,Středočeský kraj,0,0,0,0,"Po: 7:00-18:00, Út: 7:00-18:00, St: 7:00-18:00, Čt: 7:00-18:00, Pá: 7:00-18:00"
3232,"OA, NA, TRA, ZS",250 82,Tuklaty,Hlavní 182,TRILOBIT REAL s.r.o.,321622290,stk@trilobit-real.cz,Český Brod,Kolín,Středočeský kraj,0,0,0,0,"Po: 6:00-18:30, Út: 6:00-18:30, St: 6:00-18:30, Čt: 6:00-18:30, Pá: 6:00-14:00"
3301,"OA, TRA, ZS",388 01,Blatná,Vrbenská 1526,"STK Blatná, spol. s r. o.",383 422 706,stk.blatna@worldonline.cz,Blatná,Strakonice,Jihočeský kraj,0,0,0,0,"Po: 7:00-16:30, Út: 7:00-16:00, St: 7:00-16:30, Čt: 7:00-16:00, Pá: 7:00-16:00"
3309,"NA, TRA",389 01,Vodňany,Stožická 840,STK ZÁRUBA M & K s.r.o.,383382522,stk@zaruba.cz,Vodňany,Strakonice,Jihočeský kraj,0,0,0,0,So: 9:00-17:00
3312,"NA, TRA, ZS",377 01,Jindřichův Hradec,Jitka-Otín 3,BONUS Prachatice spol. s r.o.,384326717,stkjh@stkjh.cz,Jindřichův Hradec,Jindřichův Hradec,Jihočeský kraj,0,0,0,0,"Po: 7:00-16:00, Út: 7:00-16:00, St: 7:00-16:00, Čt: 7:00-16:00, Pá: 7:00-15:00"
3317,"NA, TRA, ZS",384 22,Vlachovo Březí,Chlumany 100,Alena Ládová - DOZER s.r.o.,388320000,dozer.stk@cmail.cz,Prachatice,Prachatice,Jihočeský kraj,0,0,0,0,"Po: 7:00-15:30, Út: 7:00-15:30, St: 7:00-15:30, Čt: 7:00-15:30, Pá: 7:00-13:00"
3318,"NA, TRA",397 01,Písek,U Hřebčince 2534,"ATOS, s.r.o.",382212564,atospisek@volny.cz,Písek,Písek,Jihočeský kraj,0,0,0,0,0
3327,"OA, NA, TRA",382 21,Kájov,"Křenov u Kájova parc. č. 265, areál BOXIT",BĚLOHRADSKÝ spol. s r.o.,380750995,stk3327@seznam.cz,Český Krumlov,Český Krumlov,Jihočeský kraj,0,0,0,0,0
3403,"OA, TRA, ZS",342 01,Sušice,Čimice 77,Čimická STK s.r.o.,376596542,stk3403@autokalny.cz,Sušice,Klatovy,Plzeňský kraj,0,0,0,0,0
3311,"OA, NA, TRA, ZS",393 01,Pelhřimov,Skrýšovská 1968,STK PELHŘIMOV spol. s r.o.,565323110,stk@stkpelhrimov.cz,Pelhřimov,Pelhřimov,Vysočina,820,400,630,830,"Po: 7:00-15:45, Út: 7:00-15:45, St: 7:00-17:15, Čt: 7:00-15:45, Pá: 7:00-14:00"
3313,"OA, TRA, ZS",375 01,Týn nad Vltavou,Táborská 568,STK Týn nad Vltavou s.r.o.,385732608,stktyn@gmail.com,Týn nad Vltavou,České Budějovice,Jihočeský kraj,800,300,500,700,"Po: 7:00-17:00, Út: 7:00-16:00, St: 7:00-17:00, Čt: 7:00-16:00, Pá: 7:00-14:00, So: 8:00-11:00"
3314,"OA, ZS",390 02,Tábor,Pelhřimovská 2940,AUTA TEST s.r.o.,381 253 175,stk@stk-tabor.cz,Tábor,Tábor,Jihočeský kraj,900,400,800,1000,"Po: 7:00-17:30, Út: 7:00-16:00, St: 7:00-16:30, Čt: 7:00-16:00, Pá: 7:00-14:00"
3316,"OA, TRA, ZS",396 01,Humpolec,Pelhřimovská 738,STK Humpolec s.r.o.,565533491,stk.humpolec@tiscali.cz,Humpolec,Pelhřimov,Vysočina,750,300,550,650,"Po: 7:00-17:30, Út: 7:00-17:30, St: 7:00-17:30, Čt: 7:00-17:30, Pá: 7:00-15:30"
3319,"OA, TRA, ZS",399 01,Milevsko,Hrejkovice 110,Tollinger s.r.o.,382211089,stk@tollingercz.cz,Milevsko,Písek,Jihočeský kraj,750,350,600,800,"Po: 7:00-17:00, Út: 7:00-17:00, St: 7:00-17:00, Čt: 7:00-17:00, Pá: 7:00-14:00, So: 9:00-11:00"
332,"OA, ZS",370 01,České Budějovice,Jindřicha Plachty 56/2606,Alena Ládová - DOZER s.r.o.,387314265,dozer.stk@cmail.cz,České Budějovice,České Budějovice,Jihočeský kraj,900,250,420,685,"Po: 6:30-19:30, Út: 6:30-19:30, St: 6:30-19:30, Čt: 6:30-19:30, Pá: 6:30-18:30"
3321,"OA, ZS",399 01,Milevsko,Sažinova 1438,Jikona STK s.r.o.,382 521 013,stk_mil@volny.cz,Milevsko,Písek,Jihočeský kraj,770,350,500,700,"Po: 7:00-15:30, Út: 7:00-15:30, St: 7:00-17:00, Čt: 7:00-15:30, Pá: 7:00-13:00"
3323,"OA, NA, TRA, ZS",392 01,Soběslav,Nová 514/II,"PETA servis, spol. s r.o.",381 521 431,stkpetas@volny.cz,Soběslav,Tábor,Jihočeský kraj,800,350,700,750,"Po: 7:00-17:00, Út: 7:00-17:00, St: 7:00-17:00, Čt: 7:00-17:00, Pá: 7:00-14:00"
3324,"OA, ZS",392 01,Soběslav,Nová 515,STK Týn nad Vltavou s.r.o.,381 521 530,stksob@volny.cz,Soběslav,Tábor,Jihočeský kraj,800,300,600,800,"Po: 7:00-16:00, Út: 7:00-16:00, St: 7:00-16:00, Čt: 7:00-16:00, Pá: 7:00-14:00"
3325,OA,383 01,Prachatice,Vodňanská 964,Alena Ládová - DOZER s.r.o.,388310656,dozer.stk@cmail.cz,Prachatice,Prachatice,Jihočeský kraj,770,380,500,750,"Po: 7:00-15:30, Út: 7:00-15:30, St: 7:00-17:00, Čt: 7:00-15:30, Pá: 7:00-14:00"
3326,"OA, TRA, ZS",398 01,Mirotice,Družstevní 335,STK Mirotice s.r.o.,382 229 094,stkmirotice@tiscali.cz,Písek,Písek,Jihočeský kraj,820,300,700,900,"Po: 7:00-16:00, Út: 7:00-16:00, St: 7:00-16:00, Čt: 7:00-16:00, Pá: 7:00-16:00"
3401,"OA, ZS",318 03,Plzeň,Domažlická 126,AUTOKOMPLET- servis Plzeň s.r.o.,377386776,stk@autokomplet91.cz,Plzeň-město,Plzeň-město,Plzeňský kraj,900,450,700,750,"Po: 7:00-15:00, Út: 7:00-15:00, St: 7:00-15:00, Čt: 7:00-15:00, Pá: 7:00-10:00"
3402,"OA, ZS",356 01,Sokolov,Citická 2069,"TYLINGER, s.r.o.",352600063,stksokolov@seznam.cz,Sokolov,Sokolov,Karlovarský kraj,1300,550,600,800,"Po: 6:00-22:00, Út: 6:00-22:00, St: 6:00-22:00, Čt: 6:00-22:00, Pá: 6:00-22:00"
3404,"OA, ZS",338 05,Mýto,Plzeňská 569,STK Mýto s.r.o.,371750316,stk.myto@mybox.cz,Rokycany,Rokycany,Plzeňský kraj,800,400,600,800,"Po: 7:00-17:00, Út: 7:00-16:00, St: 7:00-17:00, Čt: 7:00-16:00, Pá: 7:00-12:30"
3406,"OA, ZS",339 01,Klatovy,Domažlické předměstí 610,STK KLATOVY s.r.o.,376313938,janecek.tj@quick.cz,Klatovy,Klatovy,Plzeňský kraj,900,400,700,900,"Po: 7:00-16:00, Út: 7:00-16:00, St: 7:00-16:00, Čt: 7:00-16:00, Pá: 7:00-16:00"
3407,"OA, ZS",347 01,Tachov,Oldřichovská 1511,AutoKontrol - STK Tachov s.r.o.,374722753,stk34.07tc@quick.cz,Tachov,Tachov,Plzeňský kraj,950,390,0,0,"Po: 7:00-17:30, Út: 7:00-17:30, St: 7:00-17:30, Čt: 7:00-17:30, Pá: 7:00-14:00, So: 7:00-12:00"
331,"OA, ZS",397 01,Písek,Hradišťská 2439,JIKONA STK s.r.o.,382219089,jikona@volny.cz,Písek,Písek,Jihočeský kraj,850,350,600,600,"Po: 7:00-17:00, Út: 7:00-15:30, St: 7:00-17:00, Čt: 7:00-15:30, Pá: 7:00-13:00"
3315,"OA, ZS",384 22,Vlachovo Březí,Žižkova 117,Alena Ládová - DOZER s.r.o.,388320153,dozer.stk@cmail.cz,Prachatice,Prachatice,Jihočeský kraj,810,550,600,800,"Po: 7:00-15:30, Út: 7:00-15:30, St: 7:00-15:30, Čt: 7:00-15:30, Pá: 7:00-14:00"
3322,"OA, ZS",379 01,Třeboň,Jiráskova 1202,STK Kalivoda s.r.o.,384721865,stktrebon@tiscali.cz,Třeboň,Jindřichův Hradec,Jihočeský kraj,850,300,600,600,"Po: 6:00-17:00, Út: 6:00-17:00, St: 6:00-17:00, Čt: 6:00-17:00, Pá: 6:00-17:00"
3409,"NA, TRA, ZS, ADR",362 61,Sadov,Lesov ev.č. 8,"TÜV NORD Czech, s.r.o.",353590219,stk-sadov@tuev-nord.cz,Karlovy Vary,Karlovy Vary,Karlovarský kraj,0,0,0,0,0
341,"OA, TRA, ZS",350 02,Cheb,Vrázova 2626/16,AUTO - O.K. s.r.o.,354439847,cheb@autook.cz,Cheb,Cheb,Karlovarský kraj,0,0,0,0,0
3412,"NA, TRA, ZS, ADR",339 01,Klatovy,Dr.Sedláka 778,KLATOVSKÁ STK s.r.o.,376322332,klastk3412@investtel.cz,Klatovy,Klatovy,Plzeňský kraj,0,0,0,0,0
3416,"NA, TRA",356 01,Sokolov,Chebská 2239,Sokolovská STK s.r.o.,352467444,sokolovskastk@seznam.cz,Sokolov,Sokolov,Karlovarský kraj,0,0,0,0,0
3418,"NA, TRA",338 05,Mýto,Plzeňská  23,LINKA-STK MÝTO s.r.o.,371750598,stk.myto@tiscali.cz,Rokycany,Rokycany,Plzeňský kraj,0,0,0,0,0
342,"OA, ZS",360 04,Karlovy Vary,Hroznětínská 402/4,"TÜV NORD Czech, s.r.o.",353449475-6,stk-bohatice@tuev-nord.cz,Karlovy Vary,Karlovy Vary,Karlovarský kraj,0,0,0,0,0
3421,"OA, TRA, ZS",364 01,Toužim,Plzeňská 575,F+T AUTO-TECHNIK s.r.o.,353311542,stktouzim@volny.cz,Karlovy Vary,Karlovy Vary,Karlovarský kraj,0,0,0,0,0
3432,"OA, TRA, ZS",342 01,Sušice,Nádražní ulice 1302,Pavel Dražka,376323953,info@stksusice.cz,Sušice,Klatovy,Plzeňský kraj,0,0,0,0,0
3505,"OA, NA, TRA, ZS",412 01,Litoměřice,U terez. křižovatky 176,S.T.K. Litoměřice s.r.o.,416739016,stk-ltm@iol.cz,Litoměřice,Litoměřice,Ústecký kraj,0,0,0,0,0
3411,"OA, ZS",326 00,Plzeň,Nepomucká 119,STK Nepomucká s.r.o.,377248811,info@stknepomucka.cz,Plzeň-město,Plzeň-město,Plzeňský kraj,860,450,700,830,"Po: 7:00-16:30, Út: 7:00-16:30, St: 7:00-16:30, Čt: 7:00-16:30, Pá: 7:00-11:00"
3417,"OA, NA, TRA, ZS",353 01,Mariánské Lázně,Tepelská 551,AUTORENT SALON s.r.o.,354623084,stkml@iol.cz,Mariánské Lázně,Cheb,Karlovarský kraj,1100,450,680,980,"Po: 7:30-17:00, Út: 7:30-16:00, St: 7:30-17:00, Čt: 7:30-16:00, Pá: 10:00-16:00"
3422,"OA, TRA, ZS",330 27,Vejprnice,Sokolská 705,"AUTO LEPIČ, s.r.o.",377826767,stk.lepic@tiscali.cz,Nýřany,Plzeň-sever,Plzeňský kraj,850,500,600,800,"Po: 7:30-17:00, Út: 7:30-16:00, St: 7:30-17:00, Čt: 7:30-16:00, Pá: 7:00-14:00"
3423,"OA, ZS",337 01,Rokycany,Pivovarská 146,JIKE s.r.o.,371729715,stkrokycany@seznam.cz,Rokycany,Rokycany,Plzeňský kraj,850,400,600,800,"Po: 7:00-17:00, Út: 7:00-16:00, St: 7:00-17:00, Čt: 7:00-16:00, Pá: 7:00-12:00"
3424,"OA, TRA, ZS",341 01,Horažďovice,Tyršova 356,Eduard Vrána - EDDY ´ SERVISE,602465322,stk@horazdovice.cz,Horažďovice,Klatovy,Plzeňský kraj,900,400,0,900,"Po: 7:00-16:30, Út: 7:00-16:30, St: 7:00-16:30, Čt: 7:00-16:30, Pá: 7:00-13:00"
3425,"OA, TRA, ZS",331 44,Kožlany,Kožlany 349,M-MEK s.r.o.,373396681,m.mourek@quick.cz,Kralovice,Plzeň-sever,Plzeňský kraj,900,500,700,700,"Po: 8:00-17:00, Út: 8:00-17:00, St: 8:00-17:00, Čt: 8:00-17:00, Pá: 8:00-17:00"
3427,"OA, ZS",334 01,Přeštice,Třída 1. máje 700,STK Přeštice s.r.o.,377982326,info@stkprestice.cz,Přeštice,Plzeň-jih,Plzeňský kraj,599,200,400,600,"Po: 7:00-17:00, Út: 7:00-17:00, St: 7:00-17:00, Čt: 7:00-17:00, Pá: 7:00-17:00"
3433,"OA, NA, TRA, ZS",349 01,Stříbro,Třída 5. května 1579,AUTO LEPIČ s.r.o.,374627999,stk.stribro@seznam.cz,Stříbro,Tachov,Plzeňský kraj,900,500,500,700,"Po: 7:30-17:00, Út: 7:30-17:00, St: 7:30-17:00, Čt: 7:30-17:00, Pá: 7:30-12:00"
3434,"OA, ZS",362 11,Jenišov,Daimlerova 271,"TYLINGER, s.r.o.",353542121,stkjenisov@seznam.cz,Karlovy Vary,Karlovy Vary,Karlovarský kraj,1150,550,600,800,"Po: 6:00-22:00, Út: 6:00-22:00, St: 6:00-22:00, Čt: 6:00-22:00, Pá: 6:00-22:00"
3501,"OA, NA, TRA, ZS",407 46,Krásná Lípa,Alšova 1075/7,CSPSD Praha,412383361,stk3501@seznam.cz,Rumburk,Děčín,Ústecký kraj,900,400,550,750,"Po: 7:00-17:00, Út: 7:00-15:00, St: 7:00-17:00, Čt: 7:00-15:00, Pá: 7:00-13:00"
3502,"OA, ZS",405 02,Děčín,Předmostí 1839/2,STK Děčín  35.02 a.s.,412588133,stk-decin@ford-homolka.cz,Děčín,Děčín,Ústecký kraj,800,400,600,800,"Po: 6:30-17:00, Út: 6:30-15:00, St: 6:30-17:00, Čt: 6:30-15:00, Pá: 6:30-15:00"
3503,"OA, ZS",441 01,Podbořany,Hlubanská 741,STK-Podbořany s.r.o.,415214362,stk.podborany@quick.cz,Podbořany,Louny,Ústecký kraj,1000,400,650,750,"Po: 7:00-17:00, Út: 7:00-17:00, St: 7:00-17:00, Čt: 7:00-17:00, Pá: 7:00-12:00"
3504,"OA, NA, TRA, ZS, ADR",463 11,Liberec,Tanvaldská 1106,TKV Liberec spol. s r.o.,482737888,info@tkv-liberec.cz,Liberec,Liberec,Liberecký kraj,950,450,750,850,"Po: 7:00-17:00, Út: 7:00-17:00, St: 7:00-17:00, Čt: 7:00-17:00, Pá: 7:00-14:30"
3506,"OA, TRA, ZS",434 01,Most,Budovatelů 624,AUTOPLUS II. CONTROL s.r.o.,476100461,stk3506@autoplusmost.cz,Most,Most,Ústecký kraj,1100,550,700,700,"Po: 7:00-19:00, Út: 7:00-19:00, St: 7:00-19:00, Čt: 7:00-19:00, Pá: 7:00-18:00, So: 8:00-13:00"
3507,"OA, TRA, ZS",439 83,Lubenec,Pražská 375,"R + B Auto control, spol. s r.o.",415212296,stk.lubenec@seznam.cz,Podbořany,Louny,Ústecký kraj,1100,500,800,900,"Po: 7:00-15:30, Út: 7:00-15:30, St: 7:00-15:30, Čt: 7:00-15:30, Pá: 7:00-11:00"
3509,"OA, ZS",431 51,Klášterec nad Ohří,Průmyslová zóna VERNE 12,ALFA - TECHNIC s.r.o.,474331421,alfa.technic.stk-k@iol.cz; stk.chomutov@seznam.cz,Kadaň,Chomutov,Ústecký kraj,1250,550,900,900,"Po: 6:30-18:00, Út: 6:30-18:00, St: 6:30-18:00, Čt: 6:30-18:00, Pá: 6:30-12:00"
351,"OA, ZS",431 11,Chomutov,Otvice obchodní zóna 252,ALFA - TECHNIC  s.r.o.,474653414,alfa.technic.stk@iol.cz,Chomutov,Chomutov,Ústecký kraj,1250,550,900,900,"Po: 7:00-17:00, Út: 7:00-17:00, St: 7:00-17:00, Čt: 7:00-17:00, Pá: 7:00-12:00"
3419,"OA, NA, TRA, ZS",344 01,Domažlice,Chrastavice 111,KRČMA AUTO s.r.o.,379768242,stk@krcmaauto.cz,Domažlice,Domažlice,Plzeňský kraj,1000,500,800,900,"0
"
3508,"OA, TRA, ZS",440 01,Louny,Rybalkova 2765,STK  - O.K. CAR spol. s r.o.,415653467,stk.ok.car@iol.cz,Louny,Louny,Ústecký kraj,1150,400,750,850,0
3513,"OA, NA, TRA, ZS, ADR",413 01,Roudnice nad Labem,Žižkova 2483,STK Roudnice n. L. s.r.o.,416831853,jransdorf@raz-dva.cz,Roudnice nad Labem,Litoměřice,Ústecký kraj,0,0,0,0,0
352,"OA, ZS",435 42,Janov,Podkrušnohorská 8,STK Janov s.r.o.,476741649,info@stkjanov.cz,Litvínov,Most,Ústecký kraj,0,400,0,0,-
3603,"OA, ZS",580 01,Havlíčkův Brod,Lidická 3974,STK HB s.r.o.,569429900,stkhb@stkhb.cz,Havlíčkův Brod,Havlíčkův Brod,Vysočina,0,0,0,0,0
3611,"NA, TRA",516 01,Rychnov nad Kněžnou,Ekologická 348,"FAMA - STK, s.r.o.",494533867,stkfama@iex.cz,Rychnov nad Kněžnou,Rychnov nad Kněžnou,Královéhradecký kraj,0,0,0,0,0
3613,"NA, TRA, ZS, ADR",562 03,Ústí nad Orlicí,Třebovská 348,Střední škola automobilní Ústí nad Orlicí,468002669,bartos@skola-auto.cz,Ústí nad Orlicí,Ústí nad Orlicí,Pardubický kraj,0,0,0,0,0
3511,"OA, NA, TRA, ZS",417 03,Dubí - Mstišov,K Emance 291,IVESUR Česká republika a.s.,417571435,stk3511@seznam.cz,Teplice,Teplice,Ústecký kraj,950,400,750,0,0
3519,"OA, ZS",460 01,Liberec,Mrštíkova 2,"STEKO LB, spol. s r.o.",485104111,stk@stkliberec.cz,Liberec,Liberec,Liberecký kraj,950,350,700,800,"Po: 7:00-17:00, Út: 7:00-17:00, St: 7:00-17:00, Čt: 7:00-17:00, Pá: 7:00-14:00"
3521,"OA, NA, TRA, ZS, ADR",431 01,Spořice,Spořice 480,HELVE s.r.o.,474623548,stksporice@seznam.cz,Chomutov,Chomutov,Ústecký kraj,1180,500,800,800,"Po: 7:00-19:00, Út: 7:00-18:00, St: 7:00-19:00, Čt: 7:00-18:00, Pá: 7:00-17:00"
3522,"OA, ZS",470 06,Česká Lípa,Žitavská  3112,KLIMEX s.r.o.,487874683,ceska.lipa@stkcl.cz,Česká Lípa,Česká Lípa,Liberecký kraj,880,420,610,710,"Po: 7:00-16:00, Út: 7:00-16:00, St: 7:00-17:00, Čt: 7:00-16:00, Pá: 7:00-16:00"
3523,"OA, NA, TRA, ZS",400 00,Ústí nad Labem,Havířská 360/29,B.K. syn CENTRUM s.r.o.,475504414,alexa@areal-uzin.cz,Ústí nad Labem,Ústí nad Labem,Ústecký kraj,820,400,650,850,"Po: 6:30-17:00, Út: 6:30-17:00, St: 6:30-17:00, Čt: 6:30-17:00, Pá: 7:30-12:00"
3524,"OA, ZS",400 01,Ústí nad Labem,Podhoří 361/2,STK Děčín 35.02 a.s.,475316934,stk@auto-homolka.cz,Ústí nad Labem,Ústí nad Labem,Ústecký kraj,1000,400,550,750,"Po: 7:00-16:30, Út: 7:00-16:30, St: 7:00-16:30, Čt: 7:00-16:30, Pá: 7:00-14:00"
3525,"OA, TRA, ZS",470 01,Česká Lípa,Mánesova 1477,AUTORENOVA Plus s.r.o.,487868924,info@stkmanesova.cz,Česká Lípa,Česká Lípa,Liberecký kraj,890,390,800,710,"Po: 7:00-17:00, Út: 7:00-17:00, St: 7:00-17:00, Čt: 7:00-17:00, Pá: 7:00-16:00"
3526,"OA, NA, TRA, ZS",464 01,Raspenava,Frýdlantská 772,"FOLDA, s.r.o.",482319126,stk.3526@volny.cz,Frýdlant,Liberec,Liberecký kraj,900,400,500,800,"Po: 7:30-17:00, Út: 7:30-17:00, St: 7:30-17:00, Čt: 7:30-17:00, Pá: 7:30-14:30"
3527,"OA, ZS",405 02,Děčín,Oblouková 1416/9,S.T.K. Litoměřice s.r.o.,412589926,dc.stk@volny.cz,Děčín,Děčín,Ústecký kraj,850,400,640,640,"Po: 7:00-17:00, Út: 7:00-17:00, St: 7:00-17:00, Čt: 7:00-17:00, Pá: 7:00-16:00, So: 7:00-12:00"
3528,"OA, TRA, ZS",470 01,Česká Lípa,Kovářova 3189,BĚLOHRADSKÝ spol. s r.o.,487831081,stk3528@seznam.cz,Česká Lípa,Česká Lípa,Liberecký kraj,790,390,790,790,"Po: 7:00-16:00, Út: 7:00-16:00, St: 7:00-16:00, Čt: 7:00-16:00, Pá: 7:00-16:00"
3532,"OA, NA, TRA, ZS",412 01,Litoměřice,U Trati 2213,IVESUR Česká republika a.s.,416535500,stk3532@seznam.cz,Litoměřice,Litoměřice,Ústecký kraj,850,350,590,690,0
3601,"OA, NA, TRA, ZS",541 02,Trutnov,Mladobucká 483,CSPSD Praha,499732913,stktrutnov@volny.cz,Trutnov,Trutnov,Královéhradecký kraj,800,300,600,800,"Po: 7:00-16:00, Út: 7:00-16:00, St: 7:00-16:00, Čt: 7:00-16:00, Pá: 7:00-12:00"
3604,"OA, ZS",560 02,Česká Třebová,Podbranská 2047,DEKRA CZ a.s.,465531007,stkct@seznam.cz,Česká Třebová,Ústí nad Orlicí,Pardubický kraj,950,400,600,850,"Po: 7:00-17:00, Út: 7:00-15:00, St: 7:00-17:00, Čt: 7:00-15:00, Pá: 7:00-12:00"
3605,"OA, TRA, ZS",537 01,Chrudim,Vlčnov 30,KVATRO CHRUDIM spol. s r.o.,722110011,stkchrudim@seznam.cz,Chrudim,Chrudim,Pardubický kraj,800,300,500,600,"Po: 7:00-16:00, Út: 7:00-16:00, St: 7:00-16:00, Čt: 7:00-16:00, Pá: 7:00-14:00"
3606,"OA, TRA, ZS",506 01,Jičín,Hradecká 1122,AGRO SLATINY a.s.,493555055,stk@jicinet.cz,Jičín,Jičín,Královéhradecký kraj,800,300,550,750,"Po: 7:00-16:00, Út: 7:00-16:00, St: 7:00-16:00, Čt: 7:00-16:00, Pá: 7:00-16:00"
3607,"OA, ZS",516 01,Rychnov nad Kněžnou,Soukenická 242,STK Solnice s.r.o.,494596255,info@stkrk.cz,Rychnov nad Kněžnou,Rychnov nad Kněžnou,Královéhradecký kraj,790,300,0,0,"Po: 7:00-17:00, Út: 7:00-15:00, St: 7:00-17:00, Čt: 7:00-15:00, Pá: 7:00-15:00"
3612,"OA, ZS",568 02,Svitavy,Petrusova 2,STK SVITAVY s.r.o.,461534195,stk.svitavy@tiscali.cz,Svitavy,Svitavy,Pardubický kraj,900,350,700,800,"Po: 7:00-16:45, Út: 7:00-15:00, St: 7:00-16:45, Čt: 7:00-15:00, Pá: 7:00-11:00"
3614,"OA, NA, TRA, ZS",552 03,Česká Skalice,Jiřinková 276,FARMET STK spol s r.o.,"491 452 624, 491 452 155",i.martinec@farmet.cz,Náchod,Náchod,Královéhradecký kraj,850,0,0,0,0
3615,"NA, TRA, ZS",506 01,Jičín,Průmyslová 1256,AGRO SLATINY a.s.,493522434,stk.nakladni.jicin@quick.cz,Jičín,Jičín,Královéhradecký kraj,0,0,0,0,0
3616,"NA, TRA, ZS",568 02,Svitavy,V Zahrádkách 1,Autokontrol Pardubice s.r.o.,461532664,stk.svitavy@autokontrol.cz,Svitavy,Svitavy,Pardubický kraj,0,0,0,0,0
3623,"OA, NA, TRA, ZS",549 12,Vysokov,Českoskalická 1743,"AUTOTEST-TKMV, s.r.o.",491421859,novak@autotest-tkmv.cz,Náchod,Náchod,Královéhradecký kraj,0,0,0,0,0
3629,OA,583 01,Chotěboř,U Střelnice 1724,"STK Chotěboř, s.r.o.",569621286,technickakontrola3629@seznam.cz,Chotěboř,Havlíčkův Brod,Vysočina,0,0,0,0,0
3634,"OA, TRA, ZS",539 73,Skuteč,Vilibalda Svobody 948,Jiří Vincenci,469351210,stkvincenci@seznam.cz,Chrudim,Chrudim,Pardubický kraj,0,0,0,0,0
3625,"OA, ZS",566 01,Vysoké Mýto,Vraclavská 523,AUTOTEST-STK Vysoké Mýto s.r.o.,465 420 738,stk.vysokemyto@email.cz,Vysoké Mýto,Ústí nad Orlicí,Pardubický kraj,900,400,800,900,"Po: 7:00-17:00, Út: 7:00-16:00, St: 7:00-17:00, Čt: 7:00-16:00, Pá: 7:00-12:00"
3626,"OA, NA, TRA, ZS",580 01,Havlíčkův Brod,Baštinov 126,STK NOVÁK HB s.r.o.,569 438 200,mnovak@stknovak.cz,Havlíčkův Brod,Havlíčkův Brod,Vysočina,900,300,600,900,"Po: 6:30-15:00, Út: 6:30-15:00, St: 6:30-15:00, Čt: 6:30-15:00, Pá: 6:30-15:00"
3627,"OA, TRA, ZS",503 03,Smiřice,Seligerova 147,"KUTÍK STK, spol. s r.o.",495 421 828,kutik.stk@tiscali.cz,Hradec Králové,Hradec Králové,Královéhradecký kraj,850,300,700,700,"Po: 7:00-18:00, Út: 7:00-14:30, St: 7:00-18:00, Čt: 7:00-14:30, Pá: 7:00-11:00"
3628,"OA, TRA, ZS",561 64,Jablonné nad Orlicí,U Koupaliště 180,STK Jablonné s.r.o.,465 642 945,machacek@dekra.cz,Žamberk,Ústí nad Orlicí,Pardubický kraj,950,300,500,850,"Po: 7:00-17:00, Út: 7:00-14:30, St: 7:00-17:00, Čt: 7:00-14:30, Pá: 7:00-12:00"
363,"OA, ZS",503 15,Nechanice,Sovětice 19,"STK Sovětice CZ, s.r.o.",495446127,stksovetice@centrum.cz,Hradec Králové,Hradec Králové,Královéhradecký kraj,900,400,650,750,0
3631,"OA, TRA, ZS",516 01,Rychnov nad Kněžnou,Solnice-Ještětice 110,DEKRA CZ a.s.,494 596 441,stk-jestetice@dekra-automobil.cz,Rychnov nad Kněžnou,Rychnov nad Kněžnou,Královéhradecký kraj,990,400,750,1050,"Po: 6:00-16:30, Út: 6:00-14:30, St: 6:00-16:30, Čt: 6:00-14:30, Pá: 6:00-10:00"
3643,"OA, ZS",533 52,Pardubice,Fáblovka 404,Autocheck s.r.o.,466 265 323,info@stk-autocheck.cz,Pardubice,Pardubice,Pardubický kraj,850,350,690,790,"Po: 7:00-17:30, Út: 7:00-17:30, St: 7:00-17:30, Čt: 7:00-17:30, Pá: 7:00-16:00"
3644,OA,568 02,Svitavy,Dimitrovova 2,Ing. Glena Rauerová,461 619  920,info@stk-carnova.cz,Svitavy,Svitavy,Pardubický kraj,800,350,750,750,"Po: 6:30-17.00, Út: 6:30-17:00, St: 6:30-15:30, Čt: 6:30-15:30, Pá: 6:30-12:00, So: 8:00-12:00"
3735,"OA, NA, TRA, ZS",665 01,Rosice,Brněnská 1242,BĚLOHRADSKÝ spol. s r.o.,546410475,stk3735@seznam.cz,Rosice,Brno-venkov,Jihomoravský kraj,890,480,790,790,"Po: 7:00-17:00, Út: 7:00-17:00, St: 7:00-17:00, Čt: 7:00-17:00, Pá: 7:00-17:00"
3649,OA,582 91,Světlá nad Sázavou,Zahrádecká 987,"Šmíd a spol., v.o.s.",607844508,stksvetla@seznam.cz,Světlá nad Sázavou,Havlíčkův Brod,Vysočina,0,0,0,0,0
3703,"OA, TRA, ZS",687 13,Březolupy,Březolupy 475,"Autotest - Tour,  spol.s r.o.",572580118,stk-brezolupy@dekra.cz,Uherské Hradiště,Uherské Hradiště,Zlínský kraj,0,0,0,0,0
3711,"NA, TRA, ZS, ADR",674 01,Třebíč,Průmyslová čtvrť 154,"TRADO-STK, s.r.o.",568 833 379,stk@trado.cz,Třebíč,Třebíč,Vysočina,0,0,0,0,0
3712,"OA, TRA, ZS",767 01,Kroměříž,Bílanská 2595,"CSAO, spol. s r.o.",573 340 824,csao-stk@quick.cz,Kroměříž,Kroměříž,Zlínský kraj,0,0,0,0,0
3714,"NA, TRA, ZS",586 01,Jihlava,Brtnická 23,"DOPRAVNÍ PODNIK MĚSTA JIHLAVY, a.s.",567 301 325,stkdpmj@volny.cz,Jihlava,Jihlava,Vysočina,0,0,0,0,0
3716,"NA, TRA, ZS, ADR",618 00,Brno,Hájecká 14,ČSAD Brno-Černovice a.s.,548122402,stk3716@best-transport.cz,Brno-město,Brno-město,Jihomoravský kraj,0,0,0,0,0
3718,"NA, TRA, ZS",679 01,Skalice nad Svitavou,Skalice nad Svitavou 169,"AGROAKCIA, s.r.o.","516 469 381, 516 469 311",agroakcia@tiscali.cz,Boskovice,Blansko,Jihomoravský kraj,0,0,0,0,0
3719,"NA, TRA, ZS",686 03,Staré Město,Luční čtvrť 1824,HESPO s.r.o.,572 541 573,stk.uh@worldonline.cz,Uherské Hradiště,Uherské Hradiště,Zlínský kraj,0,0,0,0,0
3721,"OA, NA, TRA, ZS",693 01,Hustopeče,Hybešova 14,INTERTEC s.r.o.,519402840,hlavka@agrotec.cz,Břeclav,Břeclav,Jihomoravský kraj,0,0,0,0,0
3722,"OA, NA, TRA, ZS",662 93,Brno,Opavská 26/8,DEKRA CZ a.s.,"543 217 079, 542 154 471",stk-brno@dekra.cz,Brno-město,Brno-město,Jihomoravský kraj,0,0,0,0,0
3723,"NA, TRA, ZS",796 07,Prostějov,"Za Olomouckou ul., ar.DS","STK nákladních vozidel Olomouc, s.r.o.",582365959,stk-prostejov@volny.cz,Prostějov,Prostějov,Olomoucký kraj,0,0,0,0,0
3724,"NA, TRA, ZS",591 01,Žďár nad Sázavou,Jihlavská 759/4,František Chroust - STK,566629708,stkzr@seznam.cz,Žďár nad Sázavou,Žďár nad Sázavou,Vysočina,0,0,0,0,0
3725,"OA, NA, TRA, ZS",684 01,Slavkov u Brna,Čs. armády 217,STK Slavkov spol. s r.o.,544220044,stk.slavkov@seznam.cz,Slavkov u Brna,Vyškov,Jihomoravský kraj,0,0,0,0,0
3729,"NA, TRA, ZS",767 01,Kroměříž,Hulínská 2383,"KM AUTEXIM, spol. s r.o.","573 326 280, 573 326 281",stk@kromexim.cz,Kroměříž,Kroměříž,Zlínský kraj,0,0,0,0,0
3733,"OA, TRA, ZS",592 14,Nové Veselí,Žďárská 311,"STK Nové Veselí, s.r.o.",566667075,stk37.33@unet.cz,Žďár nad Sázavou,Žďár nad Sázavou,Vysočina,0,0,0,0,0
3647,"OA, ZS",537 03,Chrudim,Obce Ležáků 758,SALIO s.r.o.,469 318 192,info@stk-salio.cz,Chrudim,Chrudim,Pardubický kraj,750,300,600,700,"Po: 7:00-17:30, Út: 7:00-17:30, St: 7:00-17:30, Čt: 7:00-17:30, Pá: 7:00-15:00"
3648,OA,509 01,Nová Paka,Kumburský Újezd čp. 90,All Cars Nová Paka s.r.o.,725699599,info@stknp.cz,Nová Paka,Jičín,Královéhradecký kraj,850,350,600,800,"Po: 7:00-17:00, Út: 7:00-17:00, St: 7:00-17:00, Čt: 7:00-17:00, Pá: 7:00-17:00"
3715,"OA, ZS",612 00,Brno,Sladkovského 7,"STK Královo Pole, s.r.o.","541 212 116, 541 519 420",stk-brno@volny.cz,Brno-město,Brno-město,Jihomoravský kraj,980,500,800,910,0
372,"OA, NA, TRA, ZS",695 01,Hodonín,Měšťanská 4339/146A,ESTEKO a.s.,518351102,esteko@quick.cz,Hodonín,Hodonín,Jihomoravský kraj,1000,500,800,800,"Po: 7:00-17:00, Út: 7:00-17:00, St: 7:00-17:00, Čt: 7:00-14:00, Pá: 7:00-12:00"
3726,"OA, TRA",664 34,Kuřim,Tišnovská 1968/33,BĚLOHRADSKÝ spol. s r.o.,541210437,stkkurim@seznam.cz,Kuřim,Brno-venkov,Jihomoravský kraj,890,480,790,790,"Po: 7:00-18:00, Út: 7:00-18:00, St: 7:00-18:00, Čt: 7:00-18:00, Pá: 7:00-18:00"
3727,"OA, TRA, ZS",687 61,Vlčnov,Vlčnov 556,"STK Vlčnov, s.r.o.",572675180,stk.vlc@tiscali.cz,Uherský Brod,Uherské Hradiště,Zlínský kraj,900,400,700,900,"Po: 7:00-17:00, Út: 7:00-17:00, St: 7:00-17:00, Čt: 7:00-17:00, Pá: 7:00-17:00"
3728,"OA, TRA, ZS",680 01,Boskovice,Dřevařská 2250,Auto STK  spol.s.r.o.,516453191,info@stk-boskovice.cz,Boskovice,Blansko,Jihomoravský kraj,850,350,700,800,"Po: 7:00-16:30, Út: 7:00-15:30, St: 7:00-16:30, Čt: 7:00-15:30, Pá: 7:00-12:00"
373,"OA, NA, TRA, ADR, ZS",676 02,Moravské Budějovice,Lažínky 71,Smetana a Smetana s.r.o.,568420332,stk.smetana@atlas.cz,Moravské Budějovice,Třebíč,Vysočina,900,400,650,750,"Po: 6:00-20:00, Út: 6:00-20:00, St: 6:00-20:00, Čt: 6:00-20:00, Pá: 6:00-20:00, So: 7:00-12:00"
3731,"OA, TRA, ZS",666 01,Tišnov,Za Mlýnem 5,KORAL s.r.o.,549411700,malaskova@koral.biz,Tišnov,Brno-venkov,Jihomoravský kraj,980,480,900,800,"Po: 7:00-16:30, Út: 7:00-16:30, St: 7:00-16:30, Čt: 7:00-16:30, Pá: 7:00-12:30"
3732,"OA, ZS",766 01,Valašské Klobouky,Brumovská 279,ORSÁK TK s.r.o.,577320330,atos-stk3732@volny.cz,Valašské Klobouky,Zlín,Zlínský kraj,0,0,800,0,"Po: 7:30-16:00, Út: 7:30-16:00, St: 7:30-16:00, Čt: 7:30-16:00, Pá: 7:30-16:00"
3734,"OA, NA, TRA, ZS",691 44,Lednice,Nejdecká 719,STK AUTO LEDNICE s.r.o.,519340646,sbuzrla@autowozar.cz,Břeclav,Břeclav,Jihomoravský kraj,740,300,460,870,"Po: 7:00-16:30, Út: 7:00-15:00, St: 7:00-16:30, Čt: 7:00-15:00, Pá: 7:00-11:30"
3738,"NA, TRA, ZS",766 01,Valašské Klobouky,Brumovská 456,Střední odborné učiliště Valašské Klobouky,577320186,stk@souvk.cz,Valašské Klobouky,Zlín,Zlínský kraj,0,0,0,0,0
3748,"OA, NA, TRA, ZS",682 01,Vyškov,Průmyslová 591/1,Stavební konstrukce Vyškov a.s.,517341956,cerny@stk-vyskov.cz,Vyškov,Vyškov,Jihomoravský kraj,0,0,0,0,0
3749,"OA, ZS",672 01,Moravský Krumlov,Okružní 399,STK Moravský Krumlov s.r.o.,515321305,stk@stk-mk.cz,Moravský Krumlov,Znojmo,Jihomoravský kraj,0,0,0,0,0
3751,TRA,669 02,Dobšice u Znojma,Brněnská 339,"Autocentrum Renault, Peugeot, Volkswagen s.r.o.",537020666,STK.3751@seznam.cz,Znojmo,Znojmo,Jihomoravský kraj,0,0,0,0,0
3755,"OA, ZS",588 34,Dlouhá Brtnice,Dlouhá Brtnice 165,"AUTOCONTROL, spol. s r.o.",567210627,info@autocontrol.cz,Jihlava,Jihlava,Vysočina,0,0,0,0,0
376,OA,664 84,Zbraslav,Zbraslav 448,Stanislav Pelant,546213323,pelantstanislav@seznam.cz,Rosice,Brno-venkov,Jihomoravský kraj,0,0,0,0,0
3766,"OA, NA, TRA, ZS",669 02,Znojmo,Dobšická 2483/6,"STK Znojmo, s.r.o.",515230688,stk.znojmo@psota-znojmo.cz,Znojmo,Znojmo,Jihomoravský kraj,0,0,0,0,0
3769,OA,628 00,Brno - Líšeň,Trnkova 2785,AMEX spol. s r. o.,544213702,stk3769@seznam.cz,Brno-město,Brno-město,Jihomoravský kraj,0,0,0,0,0
6701,TRA,763 17,Lukov,Areál OZD Podhoran č.309,PODHORAN STK s.r.o.,577116130,podhoran@cmail.cz,Zlín,Zlín,Zlínský kraj,0,0,0,0,0
3743,"OA, TRA, ZS",769 01,Holešov,Palackého 464,TEST-CAR Holešov spol. s.r.o.,573394642,miroslavbelli@tiscali.cz,Holešov,Kroměříž,Zlínský kraj,1000,500,800,800,"Po: 6:00-18:00, Út: 6:00-18:00, St: 6:00-18:00, Čt: 6:00-18:00, Pá: 6:00-18:00, So: 8:00-12:00"
3744,"OA, ZS",686 04,Kunovice,Náměstí Svobody 578,STK Kunovice s.r.o.,572548548,stkkunovice@stkkunovice.cz,Uherské Hradiště,Uherské Hradiště,Zlínský kraj,900,400,800,800,"Po: 7:00-16:00, Út: 7:00-16:00, St: 7:00-16:00, Čt: 7:00-16:00, Pá: 7:00-14:00"
3745,"OA, TRA, ZS",756 61,Rožnov pod Radhoštěm,Tvarůžkova 2491,"STK Rožnov, s.r.o.",571613421,stkroznov@stkroznov.cz,Rožnov pod Radhoštěm,Vsetín,Zlínský kraj,1200,400,900,900,"Po: 7:00-16:30, Út: 7:00-16:30, St: 7:00-16:30, Čt: 7:00-16:30, Pá: 7:00-14:30"
3746,"OA, ZS",675 52,Lipník,Dolní Vilémovice 148,"STK Dolní Vilémovice, s.r.o.",568862060,info@stkvilemovice.cz,Třebíč,Třebíč,Vysočina,900,250,550,800,"Po: 6:00-17:00, Út: 6:00-17:00, St: 6:00-17:00, Čt: 6:00-17:00, Pá: 6:00-17:00"
3747,"OA, ZS",691 23,Pohořelice,Brněnská 1019,Ing. Pavel Kurimai,"602 736 275, 519 424 710",stk-kurimai@volny.cz,Pohořelice,Brno-venkov,Jihomoravský kraj,900,500,850,850,"Po: 7:00-17:00, Út: 7:00-17:00, St: 7:00-17:00, Čt: 7:00-17:00, Pá: 7:00-12:00"
3752,"OA, ZS",674 01,Třebíč,Na Nivkách 305,STK Automoto TŘEBÍČ s.r.o.,568 821 680,info@stk-trebic.cz,Třebíč,Třebíč,Vysočina,900,300,500,800,"Po: 7:00-17:00, Út: 7:00-16:00, St: 7:00-17:00, Čt: 7:00-16:00, Pá: 7:00-14:00"
3753,"OA, TRA, ZS",588 56,Telč,Radkovská 230,"Opravny Telč, a.s.",567213005,stk@opravnytelc.cz,Telč,Jihlava,Vysočina,800,300,500,700,"Po: 7:00-17:00, Út: 7:00-15:30, St: 7:00-17:00, Čt: 7:00-15:30, Pá: 7:00-12:00"
3754,"OA, ZS",619 00,Brno,Vídeňská 267/106d,STK BRNO s.r.o.,"547 212 875, 547 212 884",stkbrno@seznam.cz,Brno-město,Brno-město,Jihomoravský kraj,1100,550,990,990,"Po: 7:00-18:00, Út: 7:00-18:00, St: 7:00-18:00, Čt: 7:00-18:00, Pá: 7:00-18:00, So: 7:00-12:00"
3756,"OA, NA, TRA, ZS",625 00,Brno,Jihlavská 29,BĚLOHRADSKÝ spol. s r.o.,547 211 202,stk3756@seznam.cz,Brno-město,Brno-město,Jihomoravský kraj,990,500,950,950,"Po: 7:00-18:00, Út: 7:00-18:00, St: 7:00-18:00, Čt: 7:00-18:00, Pá: 7:00-18:00"
377,OA,618 00,Brno - Černovice,Olomoucká 1283/156c,INSPEKT CAR s.r.o.,603735482,inspektcar@seznam.cz,Brno-město,Brno-město,Jihomoravský kraj,1300,500,1200,1200,"Po: 7:30-18:00, Út: 7:30-18:00, St: 7:30-18:00, Čt: 7:30-18:00, Pá: 7:30-18:00"
3772,OA,614 00,Brno - Černovice,Olomoucká ul. č.p. 1292,STK Olomoucká s.r.o.,773770055,stkolomoucka@seznam.cz,Brno-město,Brno-město,Jihomoravský kraj,0,0,0,0,0
3806,"NA, TRA, ZS",790 01,Jeseník,U Bělidla 3/926,"PEMI CAR TEST, spol. s r.o.",584411104,pemi.car@tiscali.cz,Jeseník,Jeseník,Olomoucký kraj,0,0,0,0,0
3807,"NA, TRA, ZS",787 01,Šumperk,Žerotínova 63,TESTCAR s.r.o.,583212821,sumperk@testcar.cz,Šumperk,Šumperk,Olomoucký kraj,0,0,0,0,0
3809,"OA, TRA, ZS",792 01,Bruntál,Krnovská 16a,STK START CENTRUM BRUNTÁL s.r.o.,723342400,prijem@stkbruntal.cz,Bruntál,Bruntál,Moravskoslezský kraj,0,0,0,0,0
381,"OA, NA, TRA, ZS",747 07,Opava,Slavkovská 39,DM BETA s.r.o.,"553 625 056, 553 777 406",stk3810@centrum.cz,Opava,Opava,Moravskoslezský kraj,0,0,0,0,0
3811,"NA, TRA, ZS",735 06,Karviná,Bohumínská 1876,TKLAS Karviná s.r.o.,596382202,tklas@volny.cz,Karviná,Karviná,Moravskoslezský kraj,0,0,0,0,0
3812,"NA, TRA, ZS, ADR",750 13,Přerov,Lověšice 258/III,TESTCAR s.r.o.,581209536,prerov@testcar.cz,Přerov,Přerov,Olomoucký kraj,0,0,0,0,0
3814,"OA, NA, TRA, ZS",702 00,Ostrava,U Řeky 660,"STK-Tajga, Hrabová, s.r.o.","596 734 052, 596 734 053",stk@stk-tajga.cz,Ostrava,Ostrava-město,Moravskoslezský kraj,0,0,0,0,0
3816,"NA, TRA, ZS",742 21,Kopřivnice,Dělnická 831,TESTCAR s.r.o.,556802608,koprivnice@testcar.cz,Kopřivnice,Nový Jičín,Moravskoslezský kraj,0,0,0,0,0
3817,"NA, TRA",757 01,Valašské Meziříčí,Palackého 220,TESTCAR s.r.o.,571621251,valmez@testcar.cz,Valašské Meziříčí,Vsetín,Zlínský kraj,0,0,0,0,0
3818,"NA, TRA, ZS",779 00,Olomouc,Hamerská 883/5a,STK nákladních vozidel Olomouc s.r.o.,585311627,stk-olomouc@volny.cz,Olomouc,Olomouc,Olomoucký kraj,0,0,0,0,0
382,"OA, ZS",735 35,Horní Suchá,ul. 9. května 66,AUTO KLUB STONAVA v AČR,596422561,stk-3820@volny.cz,Havířov,Karviná,Moravskoslezský kraj,0,0,0,0,0
3822,"NA, TRA, ZS, ADR",739 25,Sviadnov,Ostravská 264,TESTCAR s.r.o.,558436315,sviadnov@testcar.cz,Frýdek-Místek,Frýdek-Místek,Moravskoslezský kraj,0,0,0,0,0
3823,"NA, TRA, ZS, ADR",702 00,Ostrava,Vítkovická 3258/9,TESTCAR s.r.o.,596635264,ostrava@testcar.cz,Ostrava,Ostrava-město,Moravskoslezský kraj,0,0,0,0,0
3825,"OA, ZS",748 01,Hlučín,Markvartovická 7,STK-Ostrava s.r.o.,595 042 786,hlucin@stk-ostrava.cz,Hlučín,Opava,Moravskoslezský kraj,0,0,0,0,0
3828,"OA, TRA, ZS",744 01,Frenštát pod Radhoštěm,Martinská čtvrť 1705,STK FREN s.r.o.,556836941,stkfren@seznam.cz,Frenštát pod Radhoštěm,Nový Jičín,Moravskoslezský kraj,0,0,0,0,0
383,"OA, TRA, ZS",794 01,Krnov,Ve Vrbině 4,VESTAP - výstavba domů a bytů s.r.o.,554611413,stkkrnov@seznam.cz,Krnov,Bruntál,Moravskoslezský kraj,0,0,0,0,0
3831,"OA, NA, TRA, ZS",792 01,Bruntál,Zahradní 1925/44a,"JV FOODS, spol. s r.o.",554713008,stk3831@seznam.cz,Bruntál,Bruntál,Moravskoslezský kraj,0,0,0,0,0
3832,"OA, ZS",734 01,Karviná,Za Splavem 884,"TKLAS Karviná, s.r.o.",596318844,tklas@volny.cz,Karviná,Karviná,Moravskoslezský kraj,0,0,0,0,0
3834,"OA, ZS",720 00,Ostrava,Krmelínská 13,STK - Ostrava s.r.o.,596728500,hrabova@stk-ostrava.cz,Ostrava,Ostrava-město,Moravskoslezský kraj,0,0,0,0,0
3808,"OA, ZS",702 00,Ostrava,Špálova 11,STK SAGITA spol. s r.o.,596136727,stksagitasro@volny.cz,Ostrava,Ostrava-město,Moravskoslezský kraj,1150,500,600,700,"Po: 7:00-18:00, Út: 7:00-15:00, St: 7:00-18:00, Čt: 7:00-15:00, Pá: 7:00-11:00"
3813,"OA, ZS",753 61,Hranice,Hranická 505,"ELEKTRO-LUMEN, s.r.o.",581 699 426 - 7,stk@el-lumen.cz,Hranice,Přerov,Olomoucký kraj,950,400,800,700,"Po: 7:00-16:00, Út: 7:00-16:00, St: 7:00-16:00, Čt: 7:00-16:00, Pá: 7:00-10:00"
3815,"OA, TRA, ZS",742 42,Šenov u Nového Jičína,Malostranská 579,STK RITZ s.r.o.,"556 701 228, 556 720 116",info@stk-novyjicin.cz,Nový Jičín,Nový Jičín,Moravskoslezský kraj,990,390,900,900,"Po: 7:00-17:00, Út: 7:00-17:00, St: 7:00-17:00, Čt: 7:00-17:00, Pá: 7:00-12:00"
3819,"OA, ZS",755 01,Vsetín,Bobrky 2270,CAR OK STK s.r.o.,571 411 024,carok.stk@tiscali.cz,Vsetín,Vsetín,Zlínský kraj,1200,400,700,700,"Po: 6:30-16:30, Út: 6:30-14:30, St: 6:30-16:30, Čt: 6:30-14:30, Pá: 6:30-12:30"
3821,"OA, ZS",735 32,Rychvald,Bohumínská 1806,"TEAM-MAAT, spol. s r.o.",596572214,stk3821@volny.cz,Bohumín,Karviná,Moravskoslezský kraj,1030,480,700,800,0
3824,"OA, TRA, ZS",739 61,Třinec,Frýdecká 272,STK Třinec s.r.o.,558996141,stk-trinec@seznam.cz,Třinec,Frýdek-Místek,Moravskoslezský kraj,850,350,600,750,"Po: 7:00-17:00, Út: 7:00-17:00, St: 7:00-17:00, Čt: 7:00-17:00, Pá: 7:00-12:00, So: 7:00-12:00"
3836,"OA, ZS",772 00,Olomouc - Hodolany,Smetanova 192,DIZIONARIO s.r.o.,585226100,info@stk-olomouc.cz,Olomouc,Olomouc,Olomoucký kraj,0,0,0,0,0
384,"OA, TRA, ZS",747 28,Štěpánkovice,Slezská 643,HARASIM s.r.o.,553675228,mharasim@stepankovice.cz,Kravaře,Opava,Moravskoslezský kraj,0,0,0,0,0
3843,"OA, ZS",779 00,Olomouc,Slavonínská 5,EURO - PROFICAR s.r.o.,585414608,stk.eurocar@seznam.cz,Olomouc,Olomouc,Olomoucký kraj,0,0,0,0,0
3848,"OA, ZS",742 21,Kopřivnice,Štefánikova 221/20,STK KOPR s.r.o.,556821690,stk5@seznam.cz,Kopřivnice,Nový Jičín,Moravskoslezský kraj,0,0,0,0,0
3849,"OA, ZS",738 02,Frýdek-Místek,17. listopadu 2269,MPS KONTROL s.r.o.,558431243,info@stk-frydekmistek.cz,Frýdek-Místek,Frýdek-Místek,Moravskoslezský kraj,0,0,0,0,0
3854,OA,737 01,Český Těšín,Frýdlanská 1978,KTS servis s.r.o.,734755200,stkceskytesin@seznam.cz,Karviná,Karviná,Moravskoslezský kraj,0,0,0,0,0
6203,TRA,266 88,Beroun,Na Máchovně 1270,STS BEROUN s.r.o.,311 625 992,lan@zt-beroun.cz,Beroun,Beroun,Středočeský kraj,0,0,0,0,0
6204,TRA,276 01,Mělník,Na Průhoně 3412,METALTECH s.r.o.,"315 628 666, 315 624  244",stk6204@seznam.cz,Mělník,Mělník,Středočeský kraj,0,0,0,0,0
625,TRA,274 01,Slaný,Pražská 244,Petr Suchopárek,723568462,stk@suchoparek.cz,Slaný,Kladno,Středočeský kraj,0,0,0,0,0
6302,TRA,391 43,Smilovy Hory,Stojslavice 4,"SJP, spol. s r.o.",381218613,sjp@cbox.cz,Tábor,Tábor,Jihočeský kraj,0,0,0,0,0
6304,TRA,382 32,Velešín,Netřebice 131,"REDD, s.r.o.",603714694,heral@tiscali.cz,Kaplice,Český Krumlov,Jihočeský kraj,0,0,0,0,0
6305,TRA,370 01,České Budějovice,Homole  198,STK - SME traktory s.r.o.,387203193,stktraktory@sendme.cz,České Budějovice,České Budějovice,Jihočeský kraj,0,0,0,0,0
6309,TRA,380 01,Dačice,parcela č. 530/6,AGILA spol. s.r.o.,384420012,agila.dacice@quick.cz,Dačice,Jindřichův Hradec,Jihočeský kraj,0,0,0,0,0
6311,TRA,386 01,Strakonice,Pracejovice 63 -areál DMP,"JIHOPLAST, s.r.o.",389 771 838,jihoplast@seznam.cz,Strakonice,Strakonice,Jihočeský kraj,0,0,0,0,0
6313,TRA,382 32,Netřebice,Na Humnech 632,REDD s.r.o.,384 721 017,e.heral@seznam.cz,Kaplice,Český Krumlov,Jihočeský kraj,0,0,0,0,0
6401,TRA,339 01,Klatovy,Dr.Sedláka 779/III,"STK AGRO, s.r.o.",376310627,stkagro@agrowest.com,Klatovy,Klatovy,Plzeňský kraj,0,0,0,0,0
6409,TRA,336 01,Blovice,Jarov č.p. 162,DEKRA CZ a.s.,371522754,info@stk-blovice.cz,Blovice,Plzeň-jih,Plzeňský kraj,0,0,0,0,0
6505,TRA,439 72,Krásný Dvůr,Krásný Dvůr 9,GRAND REKLAM s.r.o.,602236915,ing.v@seznam.cz,Podbořany,Louny,Ústecký kraj,0,0,0,0,0
6511,TRA,407 41,Děčín,Dobrná 130,Petr Kuhn,608909099,l.kuhnova@centrum.cz,Děčín,Děčín,Ústecký kraj,0,0,0,0,0
6602,TRA,503 22,Libčany,Libčany 93,"FERAL TK, spol. s r.o.",495585415,feral.tk@tiscali.cz,Hradec Králové,Hradec Králové,Královéhradecký kraj,0,0,0,0,0
6603,TRA,503 56,Hlušice,Hlušice 1,Střední škola technická a řemeslná,495 483 421,sou.hlusice@worldonline.cz,Nový Bydžov,Hradec Králové,Královéhradecký kraj,0,0,0,0,0
6604,TRA,569 42,Chornice,Trnavská 50,I. Českomorav. obch. společnost s.r.o.,461 322 068,cemos@seznam.cz,Moravská Třebová,Svitavy,Pardubický kraj,0,0,0,0,0
6611,TRA,516 01,Synkov-Slemeno,Synkov 86,"HJH, v.o.s.",603103844,hjh.vos@tiscali.cz,Rychnov nad Kněžnou,Rychnov nad Kněžnou,Královéhradecký kraj,0,0,0,0,0
6614,TRA,507 07,Úlibice,Úlibice 64,STK Jičín s.r.o.,493597454,stk.jicin@worldonline.cz,Jičín,Jičín,Královéhradecký kraj,0,0,0,0,0
6616,TRA,561 51,Letohrad,Orlice 282,Ing. Karel Maňas,724059122,karelmanas@centrum.cz,Žamberk,Ústí nad Orlicí,Pardubický kraj,0,0,0,0,0
6711,TRA,588 45,Dolní Cerekev,Dolní Cerekev 276,Z.T.K. - AGRO s.r.o.,777646497,stk6711@seznam.cz,Jihlava,Jihlava,Vysočina,0,0,0,0,0
6713,TRA,682 01,Vyškov,hosp.stř. Luleč-Rostěnice,SETRA STK s.r.o.,517 354 654,daval.l@worldonline.cz,Vyškov,Vyškov,Jihomoravský kraj,0,0,0,0,0
6714,TRA,664 53,Žatčany,Areál ZD Žatčany 28,TRAKTEC s.r.o.,602733276,tresime@seznam.cz,Židlochovice,Brno-venkov,Jihomoravský kraj,0,0,0,0,0
6717,TRA,591 01,Žďár nad Sázavou,Mělkovice 1,Agrovysočina a.s.,566615393,hana.jurackova@agro-merin.cz,Žďár nad Sázavou,Žďár nad Sázavou,Vysočina,0,0,0,0,0
6719,TRA,664 41,Troubsko,Zahradní 1a,AGROGEN spol. s r.o.,547 242 487,zelesice@agrogen.cz,Šlapanice,Brno-venkov,Jihomoravský kraj,0,0,0,0,0
6721,TRA,674 01,Třebíč,Žďárského 183,Střední průmyslová škola Třebíč,"568 840 237, 568 842 251",souztr@razdva.cz,Třebíč,Třebíč,Vysočina,0,0,0,0,0
6723,TRA,669 04,Znojmo,Přímětice 604,"Hájek a Peš s,r,o",603 879 847,stk67.23znojmo@seznam.cz,Znojmo,Znojmo,Jihomoravský kraj,0,0,0,0,0
6725,TRA,594 01,Velké Meziříčí,Horní Radslavice 51,VK TRAKTOR s.r.o.,566544434,vktraktor@seznam.cz,Velké Meziříčí,Žďár nad Sázavou,Vysočina,0,0,0,0,0
6726,TRA,691 25,Vranovice,"areál f. Agroklimus, Kopečky",SLUŽBY CARS s.r.o.,606134006,sluzbycars@seznam.cz,Pohořelice,Brno-venkov,Jihomoravský kraj,0,0,0,0,0
6732,TRA,664 34,Kuřim,"areál HERBASTAR s.r.o., Tišnovská 305",Ing. Karel Maňas,724059122,karelmanas@centrum.cz,Kuřim,Brno-venkov,Jihomoravský kraj,0,0,0,0,0
6738,TRA,687 23,Ostrožská lhota,Ostrožská Lhota 413,Ing. Karel Maňas,724059122,karelmanas@centrum.cz,Uherské Hradiště,Uherské Hradiště,Zlínský kraj,0,0,0,0,0
6739,TRA,763 16,Fryšták,Holešovská 454,NOVAAGROTIS s.r.o.,775460646,info@stk-traktory-frystak.cz,Zlín,Zlín,Zlínský kraj,0,0,0,0,0
6801,TRA,789 72,Dubicko,Družstevní 5,K-TRAKTOR s.r.o.,583449011,dubicka@dubicka.cz,Zábřeh,Šumperk,Olomoucký kraj,0,0,0,0,0
6802,TRA,751 31,Lipník nad Bečvou,Na Zelince 1293,"MOBIL expert, s.r.o.",602 735 415,mandak.laco@volny.cz,Lipník nad Bečvou,Přerov,Olomoucký kraj,0,0,0,0,0
681,TRA,783 11,Štěpánov,Horní 11,ECCO-TRAC s.r.o.,585 386 558,tiefenbach@centrum.cz,Olomouc,Olomouc,Olomoucký kraj,0,0,0,0,0
6811,TRA,750 00,Přerov,9.května-areál STS,ESTEKO Přerov v.o.s.,581204898,esteko@seznam.cz,Přerov,Přerov,Olomoucký kraj,0,0,0,0,0
6813,TRA,779 00,Olomouc,Pode Mlýnem 763/11,Pro - Truck servis Olomouc s.r.o.,731140142,jarda.kucera@centrum.cz,Olomouc,Olomouc,Olomoucký kraj,0,0,0,0,0
6814,TRA,753 01,Hranice,Tovární 605,ADR Logistik s.r.o.,777738599,davidrichter@seznam.cz,Hranice,Přerov,Olomoucký kraj,0,0,0,0,0
6815,TRA,748 01,Hlučín-Darkovičky,Jandova 39/68,Bc. Jan Fojtík,731154219,honza.fojtik@centrum.cz,Hlučín,Opava,Moravskoslezský kraj,0,0,0,0,0
3103,"NA, TRA",108 56,Praha 10,U vozovny 6,Dopravní podnik hl.m. Prahy a.s.,272704945,stk@dpp.cz,Praha,Praha,Hlavní město Praha,0,0,0,0,Pouze Nákladní a autobusy
3107,"NA, TRA, ZS",148 00,Praha 4,Dobronická 635,STK Kunratice spol. s r.o.,"261 112 399, 261 112 597",stk-kunratice-nakladni@dekra.cz,Praha,Praha,Hlavní město Praha,0,0,0,0,"Po: 6:00-15:00, Út: 6:00-14:30, St: 6:00-14:30, Čt: 6:00-14:30, Pá: 6:00-12:00"
3102,"OA, ZS",190 00,Praha 9,Spojovací 41,DEKRA CZ a.s.,284829315,stk-spojovaci@dekra.cz,Praha,Praha,Hlavní město Praha,1050,450,650,850,"Po: 7:00-18:00, Út: 7:00-18:00, St: 7:00-18:00, Čt: 7:00-18:00, Pá: 7:00-11:30"
3113,"OA, ZS",120 00,Praha 2,Fričova 13,PRONTO STK s.r.o.,222 564 115,stkpraha@stkpraha.cz,Praha,Praha,Hlavní město Praha,1100,400,690,990,"Po: 7:00-16:15, Út: 7:00-16:15, St: 7:00-16:15, Čt: 7:00-16:15, Pá: 7:00-13:00"
3119,"OA, ZS",153 00,Praha 5,Výpadová 1559,AUTO FEMAT s.r.o.,242 410 660-1,stk@femat-auto.cz,Praha,Praha,Hlavní město Praha,940,400,640,1040,"Po: 7:00-17:00, Út: 7:00-17:00, St: 7:00-17:00, Čt: 7:00-17:00, Pá: 7:00-17:00"
3124,"OA, TRA",184 00,Praha 8,Dopraváků 723/1,TEKOSO-STK spol.s r.o.,283085164,stk3124@seznam.cz,Praha,Praha,Hlavní město Praha,890,450,790,790,"Po: 7:00-17:00, Út: 7:00-17:00, St: 7:00-17:00, Čt: 7:00-17:00, Pá: 7:00-17:00"
3125,"OA, TRA",104 00,Praha 10 Uhřiněves,Podleská 1545/1,PETRA s.r.o.,267315085,stk3125@seznam.cz,Praha,Praha,Hlavní město Praha,890,400,790,890,"Po: 7:00-17:00, Út: 7:00-17:00, St: 7:00-17:00, Čt: 7:00-17:00, Pá: 7:00-17:00"
321,"OA, ZS",280 02,Kolín,Ovčárecká 509,Stanice technické kontroly Kolín spol. s r.o.,321724966,info@stkkolin.cz,Kolín,Kolín,Středočeský kraj,850,300,750,700,"Po: 6:00-17:00, Út: 6:00-17:00, St: 6:00-17:00, Čt: 6:00-17:00, Pá: 6:00-13:00"
3211,"OA, TRA, ZS",252 10,Mníšek pod Brdy,Nádražní 439,INTERAUTO s.r.o.,318592640,interauto@volny.cz,Černošice,Praha-západ,Středočeský kraj,800,300,800,800,"Po: 7:00-17:30, Út: 7:00-15:00, St: 7:00-17:30, Čt: 7:00-15:00"
3213,"OA, TRA, ZS",250 01,Brandýs nad Labem-Stará Boleslav,Zápská 2257,STK Centrum spol. s r.o.,326370055,stk@stkbrandys.cz,Brandýs nad Labem-Stará Boleslav,Praha-východ,Středočeský kraj,950,400,850,850,"Po: 6:00-20:00, Út: 6:00-20:00, St: 6:00-20:00, Čt: 6:00-20:00, Pá: 6:00-20:00"
3215,"OA, NA, TRA, ZS",278 01,Kralupy nad Vltavou,Přemyslova 431,STK Kralupy s.r.o.,315727897,info@stkkralupy.cz,Kralupy nad Vltavou,Mělník,Středočeský kraj,1000,400,1000,890,"Po: 7:00-18:00, Út: 7:00-18:00, St: 7:00-18:00, Čt: 7:00-18:00, Pá: 7:00-16:00"
3218,"OA, NA, TRA, ZS",293 06,Kosmonosy,Boleslavská 1042,BĚLOHRADSKÝ spol. s r.o.,326 327 567,stk3218@seznam.cz,Mladá Boleslav,Mladá Boleslav,Středočeský kraj,850,400,850,850,"Po: 7:00-17:00, Út: 7:00-17:00, St: 7:00-17:00, Čt: 7:00-17:00, Pá: 7:00-17:00"
3236,"OA, TRA, ZS",289 01,Dymokury,Nouzov 82,Karel Theer,325512484,stk.nouzov@seznam.cz,Poděbrady,Nymburk,Středočeský kraj,750,280,570,760,"Po: 7:00-17:00, Út: 8:00-15:30, St: 7:00-17:00, Čt: 8:00-15:30, Pá: 7:00-14:00   "
3237,"OA, ZS",258 01,Vlašim,Průmyslová 1851,STK Divišov s.r.o.,317855313,info@stkvlasim.cz; schovanek@seznam.cz,Vlašim,Benešov,Středočeský kraj,970,350,770,970,"Po: 7:00-19:00, Út: 7:00-19:00, St: 7:00-19:00, Čt: 7:00-19:00, Pá: 7:00-19:00, So: 8:00-18:00"
3302,"OA, NA, TRA, ZS",382 01,Český Krumlov,Dolní Třebonín 195,KOMAT - STK s.r.o.,380743853,stk@komat.cz,Český Krumlov,Český Krumlov,Jihočeský kraj,1000,400,800,800,"Po: 7:30-19:00, Út: 7:30-19:00, St: 7:30-19:00, Čt: 7:30-19:00, Pá: 7:30-14:00"
3303,"OA, ZS",386 01,Strakonice,Písecká 513,STK STRAKONICE s.r.o.,383 322 228,stk@srachta-autoservis.cz,Strakonice,Strakonice,Jihočeský kraj,800,330,600,800,"Po: 6:00-15:30, Út: 6:00-15:30, St: 6:00-17:30, Čt: 6:00-15:30, Pá: 6:00-13:00"
3304,"OA, NA, TRA, ZS, ADR",391 02,Sezimovo Ústí,Pod Kovosvitem 1135,STK Sezimovo Ústí spol. s r.o.,381 291 277,stksu@seznam.cz,Tábor,Tábor,Jihočeský kraj,900,400,900,1000,"Po: 7:00-16:00, Út: 7:00-16:00, St: 7:00-16:00, Čt: 7:00-16:00, Pá: 7:00-14:00"
3305,"OA, TRA, ZS",390 02,Tábor,Měšická 1993,"PETA servis, spol. s r.o.",381 254 670,stkpeta@volny.cz,Tábor,Tábor,Jihočeský kraj,900,400,800,800,"Po: 7:00-16:00, Út: 7:00-16:00, St: 7:00-17:30, Čt: 7:00-16:00, Pá: 7:00-14:00"
3306,"OA, ZS",370 01,České Budějovice,Rudolfovská 17,"VOŠ, SPŠ automobilní a technická",386 356 589,stk@spsautocb.cz,České Budějovice,České Budějovice,Jihočeský kraj,680,300,350,650,"Po: 7:00-18:00, Út: 7:00-18:00, St: 7:00-18:00, Čt: 7:00-18:00, Pá: 7:00-16:00"
3307,"OA, NA, TRA, ZS",370 01,České Budějovice,Pekárenská 77,"STK České Budějovice, s.r.o.",389 009 190-4,stk.cb@seznam.cz,České Budějovice,České Budějovice,Jihočeský kraj,900,690,450,450,"Po: 6:00-22:00, Út: 6:00-22:00, St: 6:00-22:00, Čt: 6:00-22:00, Pá: 6:00-18:00"
3308,"OA, TRA, ZS",377 02,Jindřichův Hradec,Jarošovská 869/II,AR PARTNER s.r.o.,384321006,stk@arpartnerjh.cz,Jindřichův Hradec,Jindřichův Hradec,Jihočeský kraj,850,400,650,700,"Po: 6:00-17:00, Út: 6:00-17:00, St: 6:00-17:00, Čt: 6:00-17:00, Pá: 6:00-17:00, So: 8:00-12:00"
3408,"OA, TRA, ZS",346 01,Horšovský Týn,Nádražní 70,AUTO V-S spol. s.r.o.,379422728,stkhtyn@seznam.cz,Horšovský Týn,Domažlice,Plzeňský kraj,1000,450,800,800,"Po: 7:00-16:30, Út: 7:00-16:30, St: 7:00-16:30, Čt: 7:00-16:30, Pá: 7:00-13:00, So: 7:00-12:00"
3413,"OA, NA, TRA, ZS",326 00,Plzeň,Koterovská 156a,PLZEŇSKÁ STK s.r.o.,377241224,suchy@stk-plzen.cz,Plzeň-město,Plzeň-město,Plzeňský kraj,940,520,830,930,"Po: 6:00-17:00, Út: 6:00-17:00, St: 6:00-17:00, Čt: 6:00-17:00, Pá: 6:00-17:00"
3414,"OA, ZS",336 01,Blovice,Fügnerova 404,DEKRA CZ a.s.,371522754,info@stk-blovice.cz,Blovice,Plzeň-jih,Plzeňský kraj,850,400,600,730,"Po: 7:00-17:00, Út: 7:00-16:00, St: 7:00-17:00, Čt: 7:00-16:00, Pá: 7:00-12:00"
3415,"OA, NA, TRA, ZS, ADR",331 51,Kaznějov,Rybnice 155,STK Rybnice s.r.o.,373300539,uteseny@stk-rybnice.cz,Kralovice,Plzeň-sever,Plzeňský kraj,900,450,700,700,"Po: 6:00-21:00, Út: 6:00-21:00, St: 6:00-21:00, Čt: 6:00-21:00, Pá: 7:00-12:00"
3212,"OA, TRA, ZS",269 01,Rakovník II,Luženská 1992,AUTOFIJA s.r.o.,313512332,autofija@tiscali.cz,Rakovník,Rakovník,Středočeský kraj,800,350,600,700,"Po: 6:00-18:00, Út: 6:00-18:00, St: 6:00-18:00, Čt: 6:00-18:00, Pá: 6:00-18:00, So: 8:00-12:00, Ne: 8:00-12:00"
3428,"OA, TRA, ZS",357 35,Chodov,Vintířovská 1119,Chodovská STK s.r.o.,"602 449 989, 352 665 111",stkchodov@seznam.cz,Sokolov,Sokolov,Karlovarský kraj,1150,450,600,800,"Po: 7:30-18:00, Út: 7:30-18:00, St: 7:30-18:00, Čt: 7:30-18:00, Pá: 7:30-18:00"
3429,"OA, ZS",352 01,Aš,Anglická 2863,AUTO - O.K. s.r.o.,354595268,as@autook.cz,Aš,Cheb,Karlovarský kraj,980,450,680,0,"Po: 7:00-17:00, Út: 7:00-16:00, St: 7:00-17:00, Čt: 7:00-16:00, Pá: 7:00-15:00"
343,"OA, ZS",339 01,Klatovy,K Letišti 670,RAMALE s.r.o.,376313906,stk@autorb.cz,Klatovy,Klatovy,Plzeňský kraj,900,350,700,900,"Po: 7:00-17:00, Út: 7:00-17:00, St: 7:00-17:00, Čt: 7:00-17:00, Pá: 7:00-17:00"
3431,"OA, NA, TRA, ZS",348 02,Bor,Plzeňská 667,Miroslav Mansfeld,374625727,stk.mansfeld@atlas.cz,Tachov,Tachov,Plzeňský kraj,900,350,600,850,"Po: 7:00-18:00, Út: 7:00-18:00, St: 7:00-18:00, Čt: 7:00-18:00, Pá: 7:00-18:00, So: 7:00-12:00"
3512,"OA, NA, TRA, ZS",473 01,Nový Bor,Liberecká 558,KLIMEX s.r.o.,487754637,novy.bor@stkcl.cz,Nový Bor,Česká Lípa,Liberecký kraj,880,420,0,720,"Po: 7:00-16:00, Út: 7:00-16:00, St: 7:00-16:00, Čt: 7:00-16:00, Pá: 7:00-17:00"
3514,"OA, NA, TRA, ZS",438 01,Žatec,U Oharky 3093,"Stanice technické kontroly Žatec,s.r.o",415711258,info@stkzatec.cz,Žatec,Louny,Ústecký kraj,1100,400,600,900,"Po: 6:30-16:00, Út: 6:30-16:00, St: 6:30-16:00, Čt: 6:30-16:00, Pá: 6:30-12:00"
3516,"OA, NA, TRA, ZS",400 02,Ústí nad Labem,Hrbovická 2,Terri s.r.o.,475601147,stk.usti@terri.cz,Ústí nad Labem,Ústí nad Labem,Ústecký kraj,950,400,650,800,"Po: 6:30-17:30, Út: 6:30-17:30, St: 6:30-17:30, Čt: 6:30-17:30, Pá: 6:30-14:30"
3517,"OA, ZS",466 05,Jablonec nad Nisou,Želivského 1,eSTéKá spol. s r.o.,483312131,esteka.jbc@volny.cz,Jablonec nad Nisou,Jablonec nad Nisou,Liberecký kraj,990,390,600,800,"Po: 7:00-17:00, Út: 7:00-15:30, St: 7:00-17:00, Čt: 7:00-15:30, Pá: 7:00-12:00"
3518,"OA, NA, TRA, ZS",466 05,Jablonec nad Nisou,Belgická 5061,DEKRA CZ a.s.,480003607,jablonecka.stk@seznam.cz,Jablonec nad Nisou,Jablonec nad Nisou,Liberecký kraj,980,400,600,900,"Po: 7:00-15:30, Út: 7:00-15:30, St: 7:00-15:30, Čt: 7:00-15:30, Pá: 7:00-12:30"
3529,"OA, ZS",460 01,Liberec XI-Růžodol I,Londýnská 590/85,KLIMEX s.r.o.,485108325,liberec@stkcl.cz,Liberec,Liberec,Liberecký kraj,960,450,820,890,"Po: 7:00-16:00, Út: 7:00-16:00, St: 7:00-17:00, Čt: 7:00-16:00, Pá: 7:00-16:00"
353,"OA, TRA, ZS",463 43,Český Dub,Sobotice 15,Jan Červa,485147104,info@stk-ceskydub.cz,Liberec,Liberec,Liberecký kraj,950,400,600,800,"Po: 7:30-16:00, Út: 7:30-16:00, St: 7:30-16:00, Čt: 7:30-16:00, Pá: 7:30-16:00, So: 8:00-12:00"
3531,"OA, TRA, ZS",415 01,Teplice,V Lipách 3275,BĚLOHRADSKÝ spol. s r.o.,417535386,stk3531@seznam.cz,Teplice,Teplice,Ústecký kraj,0,400,990,790,"Po: 8:00-16:00, Út: 8:00-16:00, St: 8:00-16:00, Čt: 8:00-16:00, Pá: 8:00-16:00"
3608,"OA, ZS",549 01,Nové Město nad Metují,Krátká 419,DETECHA-chemické výrobní družstvo,491470314,stk@detecha.cz,Nové Město nad Metují,Náchod,Královéhradecký kraj,770,300,570,850,"Po: 7:00-17:00, Út: 7:00-14:00, St: 7:00-17:00, Čt: 7:00-14:00, Pá: 7:00-12:00"
3609,"OA, ZS",500 02,Hradec Králové,Na Rybárně 203,OLFIN Car - STK s.r.o.,495537011,stk@olfincar.cz,Hradec Králové,Hradec Králové,Královéhradecký kraj,1050,400,750,750,"Po: 6:00-22:00, Út: 6:00-22:00, St: 6:00-22:00, Čt: 6:00-22:00, Pá: 6:00-22:00"
361,"OA, NA, TRA, ZS, ADR",533 53,Pardubice,Hradišťská 551,Autokontrol Pardubice s.r.o.,466415536,info@autokontrol.cz,Pardubice,Pardubice,Pardubický kraj,1000,400,750,750,"Po: 6:00-21:00, Út: 6:00-21:00, St: 6:00-21:00, Čt: 6:00-21:00, Pá: 6:00-19:00"
3617,"OA, NA, TRA, ZS",511 01,Turnov,Nudvojovická 1681,"STK Turnov, s.r.o.",481325637,stkturnov@tiscali.cz,Turnov,Semily,Liberecký kraj,890,450,690,890,"Po: 7:00-17:00, Út: 7:00-16:00, St: 7:00-17:00, Čt: 7:00-16:00, Pá: 7:00-13:00"
3618,"OA, NA, TRA, ZS",500 03,Hradec Králové,Bratří Štefanů 492,MEDIS HOLDING a.s.,495544875,stk@medis.cz,Hradec Králové,Hradec Králové,Královéhradecký kraj,950,400,700,750,"Po: 6:00-18:00, Út: 6:00-18:00, St: 6:00-18:00, Čt: 6:00-18:00, Pá: 6:00-16:00"
3619,"OA, ZS",533 01,Pardubice,Průmyslová 381,"STK ZADINA, spol.s r.o.",466 670 165,stk-zadina@volny.cz,Pardubice,Pardubice,Pardubický kraj,850,350,750,700,"Po: 7:00-16:30, Út: 7:00-16:30, St: 7:00-16:30, Čt: 7:00-16:30, Pá: 7:00-13:30"
362,"OA, TRA, ZS",537 01,Chrudim,Dašická 248,Z-MOTOR s.r.o.,469 626 117,stk@z-motor.cz,Chrudim,Chrudim,Pardubický kraj,750,280,600,700,"Po: 6:00-20:00, Út: 6:00-20:00, St: 6:00-20:00, Čt: 6:00-20:00, Pá: 8:00-11:00"
3621,"OA, TRA, ZS",512 11,Vysoké nad Jizerou,Dr. Farského 300,Integrovaná střední škola,481 593 907,fsalda@iss-vysokenj.cz,Semily,Semily,Liberecký kraj,750,300,600,800,"Po: 7:00-17:00, Út: 7:00-15:00, St: 7:00-17:00, Čt: 7:00-15:00, Pá: 7:00-12:00"
3622,"OA, NA, TRA, ZS",533 54,Pardubice,Semtín 100,FONTES STK s.r.o.,466 415 861,fontesstk@volny.cz,Pardubice,Pardubice,Pardubický kraj,890,300,750,900,"Po: 7:00-23:00, Út: 7:00-23:00, St: 7:00-23:00, Čt: 7:00-23:00, Pá: 7:00-23:00"
3624,"OA, TRA, ZS",544 01,Dvůr Králové nad Labem,Nedbalova 573,DEKRA CZ  a.s.,"499 622 506, 499 320 540",stkdk@dekra.cz,Dvůr Králové nad Labem,Trutnov,Královéhradecký kraj,900,320,790,880,0
3632,"OA, TRA, ZS",539 01,Hlinsko,Poličská 1365,JUTEX s.r.o.,469312003,stk-hlinsko@dekra-automobil.cz,Hlinsko,Chrudim,Pardubický kraj,800,250,0,0,"Po: 7:00-17:00, Út: 7:00-17:00, St: 7:00-17:00, Čt: 7:00-17:00, Pá: 7:00-15:00"
3633,"OA, TRA, ZS",562 06,Ústí nad Orlicí,Letohradská 100,STK Ústí s.r.o.,465520174,info@stkusti.cz,Ústí nad Orlicí,Ústí nad Orlicí,Pardubický kraj,950,300,800,900,"Po: 7:00-17:00, Út: 7:00-15:00, St: 7:00-17:00, Čt: 7:00-15:00, Pá: 7:00-12:00"
3635,"OA, TRA, ZS",543 01,Vrchlabí,Na Bělidle 1652,MJ Vrchlabí spol. s r.o.,499692899,stk.vrchlabi@centrum.cz,Vrchlabí,Trutnov,Královéhradecký kraj,870,350,800,900,"Po: 7:30-17:00, Út: 7:30-17:00, St: 7:30-17:00, Čt: 7:30-17:00, Pá: 7:30-16:00"
3636,"OA, ZS",503 51,Chlumec nad Cidlinou,Pražská 782/IV,PRO AUTO LOUDA s.r.o.,495484594,stk.chlumec@tiscali.cz,Hradec Králové,Hradec Králové,Královéhradecký kraj,800,380,550,750,0
3637,"OA, TRA, ZS",514 01,Jilemnice,K Javorku 982,Jiří Machek - HYDROMA,481 545 300,stk.jilemnice@centrum.cz,Jilemnice,Semily,Liberecký kraj,780,350,650,850,"Po: 7:00-17:00, Út: 7:00-15:00, St: 7:00-17:00, Čt: 7:00-15:00, Pá: 7:00-12:00"
3638,"OA, TRA, ZS",503 51,Nový Bydžov,Jungmanova 1736,AGRO SLATINY a.s.,495490198,stk.novy.bydzov@quick.cz,Nový Bydžov,Hradec Králové,Královéhradecký kraj,900,300,550,750,"Po: 7:00-17:00, Út: 7:00-15:00, St: 7:00-17:00, Čt: 7:00-15:00, Pá: 7:00-11:30"
3639,"OA, TRA, ZS",503 46,Třebechovice pod Orebem,Pardubická 1338,amcontrol s.r.o.,495591283,amcontrol@centrum.cz,Hradec Králové,Hradec Králové,Královéhradecký kraj,880,300,700,630,"Po: 8:00-18:00, Út: 8:00-18:00, St: 8:00-18:00, Čt: 8:00-18:00, Pá: 8:00-18:00"
364,"OA, ZS",541 01,Trutnov,Horská 932,STK Trutnov s.r.o.,499309199,stk@stk-trutnov.cz,Trutnov,Trutnov,Královéhradecký kraj,900,300,800,800,"Po: 7:30-17:00, Út: 7:30-17:00, St: 7:30-17:00, Čt: 7:30-17:00, Pá: 7:30-14:00"
3641,"OA, TRA, ZS",549 83,Jetřichov,Meziměstí 3,"KUTÍK STK, spol. s r.o.",491582041,kutik.stk.jetrichov@seznam.cz,Broumov,Náchod,Královéhradecký kraj,0,0,0,0,0
3642,"OA, ZS",566 01,Vysoké Mýto,Vračovice 1,STK a SME Vračovice s.r.o.,465320634,stk.vracovice@vysokemyto.cz,Vysoké Mýto,Ústí nad Orlicí,Pardubický kraj,800,400,600,800,"Po: 7:00-17:00, Út: 7:00-15:00, St: 7:00-17:00, Čt: 7:00-15:00, Pá: 7:30-12:00"
3645,"OA, ZS",516 01,Rychnov nad Kněžnou,Pod Budínem 1699,DEKRA CZ a.s.,494 620 226,stk-rychnov@dekra-automobil.cz,Rychnov nad Kněžnou,Rychnov nad Kněžnou,Královéhradecký kraj,890,350,650,950,"Po: 7:00-17:00, Út: 7:00-15:00, St: 7:00-17:00, Čt: 7:00-15:00, Pá: 7:00-12:00"
3646,"OA, ZS",571 01,Moravská Třebová,Svitavská 1610,ABERA spol. s r.o.,461315566,mt@abera.cz,Moravská Třebová,Svitavy,Pardubický kraj,710,320,610,680,"Po: 7:00-17:00, Út: 7:00-15:00, St: 7:00-17:00, Čt: 7:00-15:00, Pá: 7:00-13:00, So: 8:00-12:00"
3701,"OA, ZS",674 01,Třebíč,Brněnská 123,KTS-Třebíč s.r.o.,568821571,kts3701@volny.cz,Třebíč,Třebíč,Vysočina,880,300,480,680,"Po: 6:00-16:30, Út: 6:00-16:00, St: 6:00-16:30, Čt: 6:00-16:00, Pá: 6:00-14:00"
3702,"OA, TRA, ZS",796 86,Prostějov,Letecká 2,STKm Prostějov s.r.o.,582343614,dadak@stkmprostejov.cz,Prostějov,Prostějov,Olomoucký kraj,1050,500,690,940,"Po: 7:00-17:00, Út: 7:00-16:00, St: 7:00-17:00, Čt: 7:00-16:00, Pá: 7:00-15:00, So: 8:00-12:00"
3706,"OA, TRA, ZS",594 01,Velké Meziříčí,Jestřábec 2044,Autoklub Velké Meziříčí s.r.o.,566521170,stk3706@cbox.cz,Velké Meziříčí,Žďár nad Sázavou,Vysočina,850,300,800,800,"Po: 7:00-16:30, Út: 7:00-16:00, St: 7:00-16:30, Čt: 7:00-14:00, Pá: 7:00-13:30"
3707,"OA, TRA, ZS",679 72,Kunštát,Palackého 154,STK OA s.r.o.,516462184,stk.oa@tiscali.cz,Boskovice,Blansko,Jihomoravský kraj,850,400,740,940,"Po: 6:00-16:00, Út: 6:00-16:00, St: 6:00-16:00, Čt: 6:00-16:00, Pá: 6:00-12:00"
3709,"OA, NA, TRA, ZS",586 01,Jihlava,Znojemská 82,STK Jihlava a.s.,567 309 544,objednavky@stkjihlava.cz,Jihlava,Jihlava,Vysočina,785,300,650,750,"Po: 7:00-17:00, Út: 7:00-17:00, St: 7:00-17:00, Čt: 7:00-17:00, Pá: 7:00-17:00"
371,"OA, NA, TRA, ZS",614 00,Brno,Kulkova 30,"AZ SERVIS STK, s.r.o.",739095456,stk37.10@tiscali.cz,Brno-město,Brno-město,Jihomoravský kraj,1000,490,900,0,"Po: 7:00-17:30, Út: 7:00-17:30, St: 7:00-17:30, Čt: 7:00-17:30, Pá: 7:00-12:00"
3713,"OA, NA, TRA, ZS",763 02,Zlín-Malenovice,třída 3. května 1147,DEKRA CZ a.s.,"577 105 353, 577 106 927",stkzlin@tiscali.cz,Zlín,Zlín,Zlínský kraj,1000,400,700,800,"Po: 6:30-17:00, Út: 6:30-16:00, St: 6:30-17:00, Čt: 6:30-16:00, Pá: 6:30-12:00"
3736,"OA, TRA, ZS",678 01,Blansko,Poříčí 17,TOP 1 spol. s r.o.,516 410 510-1,stkblansko@iol.cz,Blansko,Blansko,Jihomoravský kraj,900,400,800,900,"Po: 7:00-15:30, Út: 7:00-15:30, St: 7:00-15:30, Čt: 7:00-15:30, Pá: 7:00-12:30"
3737,"OA, TRA, ZS",697 01,Kyjov,Boršovská 2622/91,STK Kyjov s.r.o,518615140,stkkyjov@wo.cz,Kyjov,Hodonín,Jihomoravský kraj,880,450,750,750,"Po: 7:00-18:00, Út: 7:00-17:00, St: 7:00-18:00, Čt: 7:00-17:00, Pá: 7:00-16:00, So: 8:00-12:00"
3739,"OA, ZS",767 01,Kroměříž,Hulínská 3221,"Dapas, a.s.",573345055,stk.dapas@seznam.cz,Kroměříž,Kroměříž,Zlínský kraj,900,400,800,800,"Po: 7:00-18:00, Út: 7:00-17:00, St: 7:00-18:00, Čt: 7:00-17:00, Pá: 7:00-17:00"
374,"OA, ZS",698 26,Veselí nad Moravou,Masarykova 1663,ESTEKO a.s.,518324460,stkveseli@esteko.cz,Veselí nad Moravou,Hodonín,Jihomoravský kraj,1000,500,800,680,"Po: 7:00-17:00, Út: 7:00-17:00, St: 7:00-17:00, Čt: 7:00-15:00, Pá: 7:00-14:00"
3741,"OA, TRA, ZS",675 71,Kralice nad Oslavou,Nad Kralickým kopcem 307,Pavel Dvořák,568620279,stkdvorak@gmail.com,Náměšť nad Oslavou,Třebíč,Vysočina,900,350,700,950,"Po: 7:00-16:00, Út: 7:00-16:00, St: 7:00-16:00, Čt: 7:00-16:00, Pá: 7:00-14:00"
3742,"OA, TRA",798 52,Konice,Vrchlického 349,STATEKON s.r.o.,582396048,statekon@tiscali.cz,Konice,Prostějov,Olomoucký kraj,990,350,650,600,"Po: 7:00-15:30, Út: 7:00-15:30, St: 7:00-15:30, Čt: 7:00-15:30, Pá: 7:00-14:00"
3757,"OA, NA, TRA, ZS",627 00,Brno,Řípská 11e,"STK SLATINA, a.s.",533440180,stk@stkslatina.cz,Brno-město,Brno-město,Jihomoravský kraj,1075,545,950,950,"Po: 7:00-18:00, Út: 7:00-18:00, St: 7:00-18:00, Čt: 7:00-18:00, Pá: 7:00-15:30"
3758,"OA, ZS",664 51,Jiříkovice,Rohlenka 250,STK Jiříkovice s.r.o.,544212101,stkjirikovice@powercars.cz,Šlapanice,Brno-venkov,Jihomoravský kraj,950,440,850,850,"Po: 7:00-16:30, Út: 7:00-16:30, St: 7:00-16:30, Čt: 7:00-16:30, Pá: 7:00-15:00"
3759,"OA, ZS",664 17,Tetčice,Palackého 379,DAJAN spol. s r.o.,546213856,stktetcice@seznam.cz,Rosice,Brno-venkov,Jihomoravský kraj,880,480,750,750,"Po: 7:30-16:00, Út: 7:30-16:00, St: 7:30-16:00, Čt: 7:30-16:00, Pá: 7:30-13:00"
3761,"OA, ZS",619 00,Brno,K terminálu 700/1,STK Heršpice s.r.o.,543213549,stkherspice@seznam.cz,Brno-město,Brno-město,Jihomoravský kraj,1040,490,900,900,"Po: 7:00-18:00, Út: 7:00-18:00, St: 7:00-18:00, Čt: 7:00-18:00, Pá: 7:00-17:00"
3762,"OA, ZS",664 42,Modřice,Brněnská 404,STK MODŘICE s.r.o.,547212847,stk@stkmodrice.cz,Šlapanice,Brno-venkov,Jihomoravský kraj,1050,540,875,875,"Po: 8:00-18:00, Út: 8:00-18:00, St: 8:00-18:00, Čt: 8:00-18:00, Pá: 8:00-16:00"
3763,"OA, ZS",586 01,Jihlava,Žižkova 5428/120,Lenka Hosová,567212919,stk.jihlava@iex.cz,Jihlava,Jihlava,Vysočina,790,290,650,750,"Po: 7:00-17:00, Út: 7:00-17:00, St: 7:00-17:00, Čt: 7:00-17:00, Pá: 7:00-17:00"
3764,"OA, TRA, ZS",675 21,Okříšky,Jihlavská 595,"TZ Auto, s.r.o.",564034836,info@stkokrisky.cz,Třebíč,Třebíč,Vysočina,890,300,500,800,"Po: 8:00-17:00, Út: 8:00-17:00, St: 8:00-17:00, Čt: 8:00-17:00, Pá: 8:00-15:00"
3765,"OA, NA, TRA, ZS",669 02,Jihlava,Mlýnská 60,BĚLOHRADSKÝ spol. s r.o.,567213645,stk3765@seznam.cz,Jihlava,Jihlava,Vysočina,890,390,740,740,"Po: 7:00-18:00, Út: 7:00-18:00, St: 7:00-18:00, Čt: 7:00-18:00, Pá: 7:00-18:00"
3767,"OA, ZS",765 02,Otrokovice,Letiště 1894,HESPO s.r.o.,577106006,stk.otrokovice@seznam.cz,Otrokovice,Zlín,Zlínský kraj,1000,400,700,800,"Po: 7:00-17:00, Út: 7:00-16:00, St: 7:00-17:00, Čt: 7:00-16:00, Pá: 7:00-13:00"
3768,OA,763 12,Vizovice,Zlínská ulice 1160,"STK CENTRUM VIZOVICE, s.r.o.",577018639,info@stk.vizovice,Vizovice,Zlín,Zlínský kraj,1000,350,850,850,"Po: 7:00-17:00, Út: 7:00-15:30, St: 7:00-17:00, Čt: 7:00-15:30, Pá: 7:00-15:30, So: 8:00-12:00"
3771,OA,686 05,Uherské Hradiště,Sokolovská 1792,STK Uherské Hradiště s.r.o.,608147151,info@stkuh.cz,Uherské Hradiště,Uherské Hradiště,Zlínský kraj,900,400,700,850,"Po: 7:00-16:30, Út: 7:00-16:00, St: 7:00-16:30, Čt: 7:00-16:00, Pá: 7:00-14:00"
3773,OA,690 02,Břeclav,Lidická 1711/3,STK-SME Břeclav s.r.o.,541210183,stk.breclav@psota-znojmo.cz,Břeclav,Břeclav,Jihomoravský kraj,900,400,600,800,"Po: 7:00-19:00, Út: 7:00-19:00, St: 7:00-19:00, Čt: 7:00-19:00, Pá: 7:00-19:00, So: 7:00-12:00, Ne: 7:00-12:00"
3801,"OA, ZS",790 01,Jeseník,Slunná 98,SLUŽBY BPK s.r.o.,584401332,stk@sluzby-bpk.cz,Jeseník,Jeseník,Olomoucký kraj,800,350,550,800,"Po: 7:00-17:00, Út: 7:00-17:00, St: 7:00-17:00, Čt: 7:00-17:00, So: 7:00-13:00, Ne: 7:00-13:00"
3802,"OA, ZS",787 01,Šumperk,Zábřežská 658/73,ABA STKáčko s.r.o.,"583 213 800, 583 217 477",abastk@spk.cz,Šumperk,Šumperk,Olomoucký kraj,900,450,800,900,"Po: 6:00-16:30, Út: 6:00-16:30, St: 6:00-16:30, Čt: 6:00-16:30, Pá: 6:00-14:00"
3803,"OA, ZS",785 01,Šternberk,Litovelská 14,ŠTERNBERSKÁ STK s.r.o.,585012674,stk.sternberk@volny.cz,Šternberk,Olomouc,Olomoucký kraj,900,450,800,800,"Po: 7:00-16:30, Út: 7:00-15:30, St: 7:00-16:30, Čt: 7:00-15:30, Pá: 7:00-11:30"
3804,"OA, TRA, ZS",779 00,Olomouc,Lazecká 70a,"STK AUTOL OLOMOUC, s.r.o.",585222484,autolstk@volny.cz,Olomouc,Olomouc,Olomoucký kraj,990,500,800,800,"Po: 7:00-17:00, Út: 7:00-17:00, St: 7:00-17:00, Čt: 7:00-17:00, Pá: 6:00-16:00"
3805,"OA, ZS",738 02,Frýdek-Místek,Beskydská 2299,AD STK FRÝDEK-MÍSTEK,"558 439 355, 558 644 973",adstk.fm@tiscali.cz,Frýdek-Místek,Frýdek-Místek,Moravskoslezský kraj,1100,450,700,850,"Po: 8:00-18:00, Út: 8:00-18:00, St: 8:00-18:00, Čt: 8:00-18:00, Pá: 6:00-14:00, So: 6:00-12:00"
3826,"OA, ZS",751 24,Přerov,Teličkova 35,KOVET spol. s r.o.,"581 211 845, 581 702 314",kovet@volny.cz,Přerov,Přerov,Olomoucký kraj,950,420,720,750,"Po: 7:00-17:00, Út: 7:00-16:00, St: 7:00-17:00, Čt: 7:00-16:00, Pá: 7:00-12:00"
3827,"OA, NA, TRA, ZS",746 00,Opava,Těšínská 2868/37A,OP KONTROL spol. s r.o.,553609254,stk.vavra@tqm.cz,Opava,Opava,Moravskoslezský kraj,1000,400,800,800,"Po: 6:00-17:00, Út: 6:00-17:00, St: 6:00-17:00, Čt: 6:00-17:00, Pá: 6:00-12:00"
3829,"OA, ZS",722 00,Ostrava,Třebovická 5556/1b,STK - Ostrava s.r.o.,596 966 300,trebovice@stk-ostrava.cz,Ostrava,Ostrava-město,Moravskoslezský kraj,1190,490,900,800,"Po: 7:30-17:30, Út: 7:30-17:30, St: 7:30-17:30, Čt: 7:30-17:30, Pá: 7:30-17:30, So: 8:00-12:00"
3833,"OA, ZS",735 41,Petřvald,Ostravská 1833,"Jaroslav Janči, s.r.o.",596530300,info@stk-petrvald.cz,Orlová,Karviná,Moravskoslezský kraj,1100,500,900,900,"Po: 7:00-17:00, Út: 7:00-17:00, St: 7:00-17:00, Čt: 7:00-17:00, Pá: 7:00-15:00"
3835,"OA, ZS",789 01,Zábřeh,Na Křtaltě 37,František Nosálek - Franotrans,583411238,"frano.trans@iol.cz, stk3835@seznam.cz",Zábřeh,Šumperk,Olomoucký kraj,850,400,900,900,"Po: 7:00-17:00, Út: 7:00-17:00, St: 7:00-17:00, Čt: 7:00-17:00, Pá: 7:00-12:00"
3837,"OA, ZS",742 91,Velké Albrechtice,Ostravská 309,Ester Kučerová,558272444,info@stk-bilovec.cz,Bílovec,Nový Jičín,Moravskoslezský kraj,1190,490,690,790,"Po: 7:00-17:00, Út: 7:00-17:00, St: 7:00-17:00, Čt: 7:00-17:00, Pá: 7:00-17:00, So: 8:00-12:30"
3838,OA,739 34,Šenov,Pod Šodkem 1618,Radomír Skopek,596891192,autoskopek2004@volny.cz,Ostrava,Ostrava-město,Moravskoslezský kraj,1100,500,700,900,"Po: 7:00-17:30, Út: 7:00-17:30, St: 7:00-17:30, Čt: 7:00-17:30, Pá: 7:00-14:30"
3839,"OA, NA, TRA, ZS",789 13,Zábřeh,Lesnická 2179/2a,Autocentrum Zábřeh s.r.o.,583499499,kasparj@stkzabreh.cz,Zábřeh,Šumperk,Olomoucký kraj,850,400,900,900,"Po: 6:00-17:00, Út: 6:00-17:00, St: 6:00-17:00, Čt: 6:00-17:00, Pá: 6:00-12:00"
3841,"OA, TRA, ZS",739 92,Návsí,Návsí 976,S. B. J. Motocentrum spol. s r.o.,558 340 985,stk.navsi@atlas.cz,Jablunkov,Frýdek-Místek,Moravskoslezský kraj,1000,500,700,900,"Po: 7:00-16:30, Út: 7:00-16:30, St: 7:00-16:30, Čt: 7:00-16:30, So: 7:00-12:00"
3842,"OA, ZS",709 00,Ostrava,Oběžná 2086/13,TEAM MAAT spol. s r.o.,596118487,stk@stkok.cz,Ostrava,Ostrava-město,Moravskoslezský kraj,1200,500,700,800,0
3844,"OA, ZS",787 01,Šumperk,Jesenická 3071/1D,Expres Commercio s.r.o.,583222200,exprescom.stk@seznam.cz,Šumperk,Šumperk,Olomoucký kraj,890,400,800,900,"Po: 7:00-17:00, Út: 7:00-17:00, St: 7:00-17:00, Čt: 7:00-17:00, Pá: 7:00-15:00"
3845,"OA, ZS",757 01,Poličná ,Poličná 508,"AMG CENTRUM, s.r.o.",571611122,stkvm@seznam.cz,Valašské Meziříčí,Vsetín,Zlínský kraj,1300,500,1000,1000,"Po: 7:00-16:30, Út: 7:00-16:30, St: 7:00-16:30, Čt: 7:00-16:30, Pá: 7:00-16:30, So: 8:00-12:00"
3846,"OA, ZS",784 01,Litovel,Příčná 1269/11,J&J Kreuzberg spol. s r.o.,"585 341 253, 585 343 096",vladimir.jasek@iex.cz,Litovel,Olomouc,Olomoucký kraj,1000,500,800,850,"Po: 7:00-17:00, Út: 7:00-15:30, St: 7:00-17:00, Čt: 7:00-15:30, Pá: 7:00-12:00"
3847,OA,751 31,Lipník nad Bečvou,Na Zelince 1537,Kovet spol. s.r.o.,581701731,stklipnik@kovet.cz,Lipník nad Bečvou,Přerov,Olomoucký kraj,950,420,750,750,"Po: 7:00-17:00, Út: 7:00-16:00, St: 7:00-17:00, Čt: 7:00-16:00, Pá: 7:00-11:00"
385,"OA, ZS",736 01,Havířov,Železničářů 1529/1c,KTS servis s.r.o.,596314448,stk.havirov@seznam.cz,Havířov,Karviná,Moravskoslezský kraj,1200,500,1000,1000,"Po: 7:30-17:30, Út: 7:30-17:30, St: 7:30-17:30, Čt: 7:30-17:30, Pá: 7:30-17:30"
3851,"OA, ZS",783 71,Olomouc,Týnecká 833/39,"'"STK '"'"Na Přerovské'"'" s.r.o.'"",585155472,stk.naprerovske@seznam.cz,Olomouc,Olomouc,Olomoucký kraj,1000,400,800,800,"Po: 7:00-17:00, Út: 7:00-17:00, St: 7:00-17:00, Čt: 7:00-17:00, Pá: 7:00-17:00"
3852,"OA, TRA, ZS",792 01,Bruntál,Ruská 10,Zdeněk Mlynarčík,554212024,stkbruntal.ruska10@email.cz,Bruntál,Bruntál,Moravskoslezský kraj,800,300,500,650,"Po: 7:00-17:00, Út: 7:00-17:00, St: 7:00-17:00, Čt: 7:00-17:00, Pá: 7:00-17:00"
3853,"OA, ZS",733 01,Karviná,Ostravská 1946/12,"STK EMISE, s.r.o.",734750200,stkemise@post.cz,Karviná,Karviná,Moravskoslezský kraj,1200,500,900,900,"Po: 7:30-17:30, Út: 7:30-17:30, St: 7:30-17:30, Čt: 7:30-17:30, Pá: 7:30-16:00"
